title,site_category,hits.total,info.comments_count,images.length,link,body
B.Q. cafe苗栗親子餐廳順尚廣場,親子育兒,7869,0,32,http://maybird.pixnet.net/blog/post/40795540,哇～～去到包場的親子餐廳真是太開心了，週末經過苗栗的時候，我家爸爸說這裡正要開發，下來逛逛鞋，沒想到就被我搜尋到親子餐廳，好漂亮本來一進去有一點擔心，想說這應該是很有氣氛的餐廳而不是親子餐廳，因為兒童玩的區域只有一小小塊，沒想到服務人員馬上問我們要上二樓嗎？樓上才是別有洞天啊一樓有鞋櫃為了要玩我家小孩馬上坐下來把鞋子放好爬呀爬呀爬上去這裡好好玩喲超羨慕這個媽媽的啦～～帶一本小書，小孩進去玩，媽媽自己可以擁有一個角落牆上還有東西可以玩，餐廳兩個角落有包廂可以包場，還不錯餐廳二樓座位區全貌，還有一區是緊鄰遊戲區，爸媽可以做吧檯看著孩子們剛開始我想說這個小女孩好酷喔，自己帶公主裝來這裡玩沒想到城堡樓梯的下方是一個秘密基地，裡面有鏡子可以換裝，有白雪公主、公主裝、虎克船長、綠精靈裝廁所旁的粉紅城堡也是一個空間，是哺乳室唷裡面的樣子廁所裡面也一應具全綠色城堡是溜滑梯哈樓小王子～完全小孩可以自己爬很好玩啊餐點的部分我點了草莓奶昔、水果茶杏仁蜂蜜鬆餅三種炸物的拼盤親子餐廳要東西好吃的比較少，我覺得這裡很ok了，吃個下午茶或點個飲料來不錯，這裡有低消，包含小朋友每人100元水果茶裡面有薄荷葉滿清新的，炸薯條上面也有香草小子很開心有姊姊幫他換裝小女孩的衣服真可愛啊我家的穿綠精靈...帽子一樓全貌，我猜右邊那個小空間是給baby爬的櫃檯也很可愛門口還有一個大木屋營業時間與定位專線苗栗順尚廣場這裡正在蓋好很多大樓，樓不高但是好幾個街口都像是重畫區一樣漂亮，有獨棟的nike、addidas、山頂鳥還看到附近有一間貝兒美國童衣鋪，很適合3歲以下的小朋友，知名品牌他們都有，高貴不貴，可惜我帶三歲的愛德華去，男生衣服比較少可愛的，女生一堆洋裝啊B.Q. cafe苗栗順尚廣場苗栗縣頭份鎮東庄里東民三街7號03-7690096週一應該是公休營業時間：9:30 - 20:30
▌花蓮親子飯店▌住在幾米繪本裡♥花蓮翰品酒店♥沙坑。泳池。兒童遊戲室。親子活動好好玩,親子育兒,33367,5,112,http://cline1413.pixnet.net/blog/post/419132893,;;幾米繪本,是伴隨著許多大小朋友成長的童年回憶這幾年幾米走出繪本,除了宜蘭幾米廣場,也與知名花蓮翰品酒店合作以『擁抱一書』為主題打造出一系列的藝術品以及一整層樓的幾米主題套房把幾米場景搬進飯店裡,讓大家入住翰品時就好像住進幾米童話般的繪本世界裡光是這點就很吸引人了,能近距離擁抱幾米是多麼幸福的事花蓮市區有一棟繽紛搶眼的彩色建築這就是國內設計大師姚仁祿團隊為《翰品酒店》重新打造的作品路過的人很難不被這五彩繽紛的外觀所吸引看房價;;外觀猶如彩色積木,也像彩色馬克磚,吸引著每位路人的目光 ;;門口巨大的裝置藝術也是飯店請來工藝大師林健成先生 將幾米的作品，化成擁抱地球的裝置藝術 ,非常有創意多麼溫馨可愛的畫面,擁抱可以給人滿滿的正面能量你還記得上一次擁抱是甚麼時候嗎?// // ;;停車場也有驚喜,充滿童趣的幾米繪圖真是療癒人心;飯店大廳是溫馨典雅的木質感;;禮品店也販售幾米週邊商品及其它紀念品;一進飯店就有服務人員上前招呼,並送上迎賓茶點親切的服務讓我們印象深刻大廳隨處可見幾米的作品在月亮上作著美夢的小女孩,我彷彿能感覺到她的幸福樹屋裡有粉紅豬與小男孩的擁抱;牆面上有半立體的長頸鹿,栩栩如生的畫面,吸引不少人在此拍照留念連電梯都是木質系列一旁還有一間休息室,裡面展示了幾米的作品小朋友專屬的小花木椅也很特別服務人員帶我們參觀後面的泳池沒想到大廳後方有一座這麼大的泳池,搭配著飯店的彩色外觀看起來就像一座度假村一樣優美// // ;可惜我們三月去時泳池還未開放,無緣下水感受這美麗的景緻;泳池邊也有幾米的蹤影;小男孩與長頸鹿的擁抱池畔邊有青蛙網子與小公主,兔子與小孩的擁抱,大象與小女孩的擁抱..擁抱能帶給人滿滿的幸福感;其實一旁也有很大的沙坑,只是因為當天下雨風又大沒開放,有些可惜;除了藝術造景,花蓮翰品酒店還規劃了一整層的幾米主題房(七樓)包含了四種不同主題的幾米房型:幸福依靠、角落迷藏、春天漫遊和甜蜜擁抱花蓮翰品幾米房型的房卡有四種都好可愛,我們的房卡還特別用緞帶綁著,好別緻;這張是要去『歡樂森林』的感應門卡走出電梯就是一個小驚喜,整排牆面都是幾米的彩繪牆真的有種進入幾米童話世界的錯覺依不同的繪本主題裝飾了各個套房打開每個房門就像是翻閱了一本本的故事書;我們的溫暖擁抱家庭套房繽紛色彩的溫暖擁抱房,實在太可愛了這個房型也是這房型唯一的一間家庭房清新的綠色調與豐富生動的幾米繪圖真的讓人眼睛為之一亮不要說小朋友了,連媽媽我看了都好喜歡看房價可愛的幾米繪圖真是療癒人心啊迎賓水果也有巧思,奇果上的貓頭鷹實在太逗趣了毛巾摺成的小兔子;;桌上擺放了幾米的書籍如果還想閱讀其他幾米書籍,可以撥電話到櫃台,會有專人送到房間// // ;突然發現的小驚喜~房間內寬敞舒適,還有沙發區;書架上有各種年紀都可閱讀的書籍房間的佈置簡單潔淨,但因為有幾米豐富的色彩讓整個房間變的很有活力,很舒服~;可以帶走的幾米拖鞋,質感相當不錯也好穿; ;浴室的空間很大,也維持很潔淨,還有小孩最愛的泡澡浴缸;貼心幫小朋友準備的兒童牙刷 ;還有幾米的體重計; ; ;此時突然有服務人員送來午茶點心,雖然份量不多但誠意十足看房價;喝完下午茶先去參觀飯店其他設施三樓有一個親子樂園空間不大佈置的很溫馨// // 旁邊有健身房;三樓還有另一處最受小朋友們歡迎的『歡樂森林親子屋』;翰品在親子方面真的很用心,規劃了不少DIY活動來到飯店不需要出門一樣能讓小朋友玩的很開心(想拖都拖不走也很傷腦筋);小安安一進來就衝到溜滑梯球池不肯出來小木屋裡是小小朋友的最喜歡的空間;裡面有不少廚房祖,小女生最愛在這扮家家酒這一區也是深受孩子歡迎的遊戲區,豐富的色彩,乾淨無比的空間小朋友可以安心的在這邊玩;;小安安光是玩具機木就很開心了;;好多樂高免費完;;;後面有益智遊戲區;我觀察了歡樂森林屋的環境真的維持的很不錯原來飯店每小一小時都會派專人打掃,早上11點到下午3點這段時間，還會特別清潔消毒然後把玩具完整的歸位,難怪整個遊戲空間可以這麼井然有序,乾淨無比看房價;小小投籃區,跟踢足球靜能讓他們玩的很開心不一會人潮變多,原來因為待會老師要帶活動小朋友們都興奮呢猜猜大家在看甚麼呢? 氣氛好嗨呢看到這些水球就知道,小朋友正在玩丟水球遊戲啦二寶哥代表野蠻家族玩水球,結果一顆都沒投中(太遜囉);沒關係,還有歡樂手繪體驗趣,這是要自費的(一人250元)小朋友用顏料隨興作畫,盡情發揮自己的創意雖然我看不懂他想表達的是甚麼,但是看他的模樣就知道他玩的很開心這就是手繪室,一共有五間,要事先報名喔看房價;這邊的親子廁所也規劃的很用心,除了分男童,女童,還有親子用的洗手台也有高低之分,有考量到小小朋友的需求;白色尿布檯質感很不錯,也維持的很乾淨因為下雨,我們選擇在飯店晚餐我對花蓮翰品的buffet 菜色評價很高,不僅菜色豐富,種類也很多各式料裡幾乎都有,食材也很新鮮美味,真的很推薦翰品的晚餐~看房價;;生魚片無敵新鮮,補貨速度也很快中西式都有,不怕你吃,只怕你太撐;甜點也是走精緻路線,選擇性很多紅酒,威士忌,生啤酒,果汁汽水,冰淇淋任你吃國王奶爸最愛的生啤酒無限暢飲,他喝的很開心;因為訂房時有特別說是要幫先生慶生,所以早知道飯店會準備一個小蛋糕但是沒想到竟然還有吉祥物與員工會一起出現唱生日歌不只國王嚇一跳,我也來不及反應,也太用心了吧看房價難得看他笑那麼開心,不知道在害羞甚麼...;;;謝謝花蓮翰品的員工們,給我們一個很美好的夜晚然後還幫我們訂了一個超可愛的藍白拖蛋糕上面還寫了國王,真的很感動!;(又不是我生日是在感動甚麼啦);;慶生完回到房間,已經來夜床服務,還送上幾顆糖果這一晚,每個人都甜甜地入睡.....;;隔天的早餐也是自助式的,不用多說看照片就知道有多豐盛了;我吃了兩碗擔仔米粉;後來發現竟然還有花蓮液香扁食我也不客氣的吃了三碗,真的好好吃啊~; 花蓮翰品是一間很優質的親子友善飯店在網路上口碑、評價都很不錯,價位也合理從環境,設施,餐點到服務都讓我很滿意雖然沒有華麗氣派的裝潢,但是可愛的幾米主題風也讓人印象深刻特別是在親子友善這一塊,我覺得翰品做的很用心夏天快到了,趕快帶寶貝來花蓮翰品玩水,堆沙,大啖美食吧~;;;&hearts;;花蓮;翰品酒店;&hearts; 電話：(03)823-5388 地址：97060 花蓮市永興路2號官網看房價宜蘭更多優惠房價請點我墾丁更多優惠房價請點我新竹更多優惠房價請點我花蓮更多優惠房價請點我台南更多優惠房價請點我南投更多優惠房價請點我;嘉義更多優惠房價請點我;;花蓮遠雄更多優惠房價請點我;;花蓮理想大地更多優惠房價;;慢慢民宿更多優惠房價;;花蓮看見海民宿更多優惠房價;花蓮有熊的森林更多優惠房價;;花蓮綠舍更多優惠房價;;綠柳莊更多優惠房價;;斯圖雅特更多優惠房價;;;新書《宜蘭親子民宿小旅行》上市囉博客來購買網址;金石堂購買網址野蠻王妃(yifenko);延伸閱讀▌花蓮民宿▌純白就是美&hearts;慢慢旅行&hearts;慵懶自在的純白空間;▌花蓮民宿▌超夢幻藍色小精靈的家&hearts;花見幸福蘑菇屋&hearts;不可思議的森林童話故事屋;;▌花蓮住宿推薦▌彷彿置身威尼斯水都風情&hearts;理想大地度假飯店&hearts;優質親子飯店推薦(景觀&amp;房間篇)▌花蓮民宿▌ 保證夢幻! 彷彿走進童話般的場景 &hearts;花境鄉村民宿&hearts;▌花蓮民宿▌會呼吸的民宿&hearts;綠柳莊民宿&hearts;湖畔楊柳垂青。小橋流水好景緻;▌花蓮民宿▌彷彿置身歐洲莊園˙花蓮五星級海景民宿&hearts;斯圖亞特海洋莊園&hearts;;▌花蓮民宿▌((絕對會再N訪))台版小歐洲!美如仙境的&hearts;花蓮.葛莉絲莊園&hearts;▌花蓮民宿▌戀上美式鄉村風&hearts;花蓮˙綠舍Green Villa Hualien B&amp;B&hearts;;;▌花蓮民宿▌彷彿置身荷蘭小鎮的絕景民宿 &hearts; (花蓮)梯田山民宿;▌大阪自由行▌&hearts;大阪周遊卡&hearts;必玩11個熱門景點推薦與簡單行程規劃;▌京阪奈自由行▌每天都在探險的&hearts;八天京阪奈自由行行程分享&hearts;;▌澳門自由行攻略▌三天兩夜自由行&hearts;吃喝玩樂行程分享&hearts;藝文探索之旅;▶;▌香港自由行▌&hearts;美酒佳餚巡禮&hearts;四天三夜好吃好玩!超精采行程分享;
[台中沙鹿] 麻吉熊親子餐廳/室內遊戲館,親子育兒,18457,8,20,http://yawenliang.pixnet.net/blog/post/105836807,麻吉熊不是熊麻吉喔！六月底聽到海線地區有新的親子餐廳，決定找一個星期六下午跟小惠一起帶小孩去玩玩，這家親子餐廳是六月中才開幕的。這是第一次使用所謂的親子餐廳，過去去一些親子餐廳因為當時沒小孩，都沒用到親子設備，有小孩之後親子友善餐廳或是親子餐廳突然變得很重要。麻吉熊位置接近沙鹿火車站，過沙鹿光田醫院與星巴克之後第一個十字路口右轉大約三百公尺，非常接近平交道，餐廳旁邊的空地因為假日已經被停滿，我眼尖馬上看到對面小吃攤旁空地還剩下一個位置，太好，一來就卡到位，結果老闆出來說那邊是要留給她的客人停的。還好車不大，麻吉熊門口還能塞進一個位置，但門口的路不是很寬，來往的車子不少，停車需要一點技術，有勞小惠老公了。因為當天實在太熱又是下午三點多西曬嚴重，所以沒在外面拍照，就趕緊進去吹冷氣了！映入眼簾的餐廳的一部分：靠近門口的餐廳區，再裡面一點放了幾個 IKEA帳篷的寶寶遊戲區，以及最裡面糖果屋的大遊戲區。用餐區和寶寶遊戲區是連在一起的，而與大遊戲區有區隔開來。入口左手邊沒照到的部分是餐廳廚房。寶寶遊戲區舖有大大的巧拼地墊，有一些靜態的益智玩具和大型泡棉積木、帳篷和圓形鑽龍，蠻適合小小孩或是爬行的嬰兒。注意到上方有投影機和布幕，應該可以在這裡辦慶生或是抓周的活動。;大遊戲區共有四層，第一層入口的大球池，阿芃顯然把這裡當成游泳池（右圖整個趴下去進行蛙式），沒辦法，她第一次看到這種東西。;球池中有一個大大的爬坡，爬上去是所謂的第二層，可從另一端的溜滑梯溜到球池。她膽子很大，爬坡明明快要跌下來的樣子也不怕，雖然放手讓她玩，但是小小孩玩大人在旁邊顧著比較好。(兩位看別人爬坡看的這麼認真) ;射球砲台，可以玩很久，球從旁邊吸入從中間砲台衝出來，不過掉下來砸到頭好痛！大人頭大命中率更高，要小心點。;第一層還有好幾個盪鞦韆和翹翹板，不過看照片會發現這個地方有點暗。;馬上跳上搖搖馬，搖個幾下看到更好玩的跳床。因為還不會跳也不知道怎麼玩，後來一個葛格過來蹦蹦跳，她馬上逃離現場XD。在球池與爬坡數次之後，就一路往上，每一層都上去了。而類似像這種空中走廊還是橋的器材會折返不敢往前，我也不敢過去是因為不知道它承重多少，好怕掉下去，所以我們兩個就這樣戰戰兢兢的一路往下爬，旋轉滑梯跟大滑梯都沒玩，看到其他大小孩玩得很瘋，大人不需要跟前跟後蠻輕鬆的，上面這幾層都很適合大小孩。膽大芃在這裡變成抖抖芃。大遊樂區限制：小孩125公分以內，30公斤以內才可進入．之後上網才看到這個，三十公斤以下才可進入，不過店家有回應可以有一個大人上去第二到第四層救小孩。越往上走越熱，糖果屋大遊戲區是鐵皮搭建的，只有一台分離式冷氣機，第三四層蠻熱的，我在粉絲頁看到因為太多人反應，店家最近有加裝冷氣。餐點屬於點心式的：鬆餅、咖啡、茶類。因為我們午飯過後才去，點了蜂蜜鬆餅、火腿鬆餅和兩杯茶，另外還有免費飲用水喝到飽。火腿鬆餅不是很推，鬆餅還是甜的好吃。後來因應觀眾要求，終於推出正餐類，這樣大人才吃得飽阿。;假象假象，動作一致的兩位，遊戲區還是比較吸引他們！吃幾口又跳下來衝進去消耗體力。喝的是店家的飲用水和原味鬆餅(沒沾蜂蜜)。這個餐廳規定大遊樂區內賓客必須穿著襪子，比較安全及衛生，小人兒當天穿涼鞋，回家之後才知道餐廳有在賣襪子，所以以上為不良示範，金價歹勢！費用：周六下午時段我們沒有預約，不過建議假日人多先預約會比較好。小孩350元(限一名成人陪同)，多一個陪同大人加收100元，每張票可折抵 50元消費，點了餐點後三大兩小，總共花費980元。優點：遊戲區大免服務費免費wifi有育嬰室尿布台(只去洗手就沒有照到照片)店家服務態度佳缺點：停車不便正餐餐點選擇少太熱(七月初店家加裝冷氣);麻吉熊的亮點我覺得會是在遊戲區的部分而不是在餐點上面，因為餐點不算精緻，但遊戲區夠大，又有四層很夠玩，阿芃一上車就睡著，顯示為被操到。不過我認為會適合再大一點的小孩，1y8m這時還需要看著，而餐廳離遊戲區距離很遠，沒辦法邊用餐邊看小孩，如果要帶小小孩去，多幾位大人一起去輪流顧小孩會比較輕鬆一點。不過店家服務態度佳是一個優點，上面列的缺點店家也嘗試改善，希望設備與服務可以更好，也希望海線有更多不錯的親子餐廳可以去！;【麻吉熊親子餐廳】;消費時間：2014/06;電話：04-26367209地址：台中市沙鹿區興安路49號預約時段週一: 10:00 - 21:00 週三 - 週日: 10:00 - 21:00; 週二店休餐點：午餐、晚餐、咖啡、飲料;假日限時兩小時，先預約比較保險路邊停車有兒童餐椅店家網址：https://sites.google.com/site/36machibear/
伽利略親子餐廳搬家到石牌了,親子育兒,38224,5,23,http://maybird.pixnet.net/blog/post/32054793,昨天又去吃，還是很不錯阿開在石牌的振興醫院門口，隔壁是星巴克還有出清他們的舊餐具^^這種設計師的嬰兒椅，小孩太大會坐不下或是卡住，幸好弟弟還小店內的風格一樣很原木風有一整塊突出去的遊戲區早餐1號好吃濃湯與麵包都很好吃遊戲區其實比信義區那間的大很多了，不過一樣是一小區它們2014六月要搬家了唷，伽利略搬家到台北市北投區振興街35號營業時間:1000~2100(用餐時間2小時）電話:02-282629882016.5.19寫的2014.5.19-------------2013.5.6寫的這間很不錯啊，陽光充足明亮，但是最好平日上午來，沒有人簡直包場餐點讚!!!這是帕尼尼~~超好吃的三明治蛋包飯也好好吃~~大人的餐點約300多，10歲以下可以點兒童餐，兒童餐180元(我們這種兩歲的其實可以不用點餐)剛開始她自己一個人還不知道怎麼玩真的很舒服(這是二樓)一樓也很漂亮過12點之後人很多了，反而開始搶玩具...大家都想騎那台車平日早上來真的不錯，可惜只有這樣一區可以玩，這裡適合2歲~3歲伽利略搬家到台北市北投區振興街35號營業時間:1000~2100(用餐時間2小時）電話:02-28262988(一定要先訂位阿~劍潭捷運站有公車可以到科教館，在附近而已)
【台北.內湖】Banana親子餐廳,親子育兒,37541,6,37,http://msneptune.pixnet.net/blog/post/164739387,偶然在Facebook發現這家新開的親子餐廳,10/10才開始試營運,預約到了幾個五折優惠名額,揪上幾個社團媽咪們一起來這裡開新地圖老闆在Facebook上有提到,他們都是使用無毒的裝潢材料,所以即便是新開的餐廳,完全沒有甲醛的臭臭味道,這點讓我覺得很放心.以下就【整體環境】跟【餐點心得】兩部分做分享;【整體環境】餐廳對面就是東湖國小,附近是住宅區,環境很幽靜東湖國小地下有停車場,開車前往很方便距離最近的捷運站是東湖站,走路過來大約十多分鐘 ;外觀是走可愛動物系,淡黃色色調很符合親子餐廳;右邊有個木板斜坡可供嬰兒推車上下,上面有貼防滑貼,但我跟其他兩位同行媽媽一致認為角度有點太陡,如果是戰車級的推車可能需要加點力道才推得上去下坡的時候也要小心;;;進入之後是我最驚豔的地方!居然有用木板隔起來的一小片小沙場!在現在陽光充足的暖暖午後看起來好舒服,連媽媽都被療癒了;;;;而且因為剛開幕的關係,沙子都還很乾淨((希望開始熱門之後也可以繼續維持XD ;;也有設置一個水龍頭來讓小朋友沖洗身上的沙,好貼心;; ;;裡面空間還算寬敞,今天的客人比較少,大家的推車都還可以直接推進來;因為是以Banana(香蕉)為名的餐廳,所以裡面也有香蕉樹的裝飾;1F有一塊幼幼爬行區(自己取的XD)爸爸媽媽是沒辦法進來的唷裡面適合會爬的小小孩們玩,牆壁上都有防撞墊;;不怕撞到頭,爸爸媽媽們也可以在這裡上演餵食秀(? ;玩具種類還沒有很多,一台健力架跟木造滑珠如果已經是直立型的小人想要在裡面玩,就要特別注意了,圍擋的高度大概都在腰際,很容易一翻就出來了;廁所一共有四間(剩下兩間沒拍到)都有適合小朋友的小廁所 ;;洗手台也有給小朋友用的,擦手紙的垃圾桶是在右邊的牆壁上角度很特別XD ;;往裡面走,也有尿布台&amp;育嬰室尿布台也是軟墊的,上面沒有安全帶這點要小心一些;裡面也有一個洗手台,這樣子就不用跟如廁的人擠了 ;;另外一邊則是育嬰室,有人在裡面使用並且開燈的話,上面的使用中就會亮起來免去敲門打擾的困擾 ;;裏頭也附有一個哺乳枕可以靠著 ;;兒童遊戲室是在B1,樓梯有點陡,但是旁邊都有扶手可以扶著 ;;;;在入口處也有設置一個閘門,不過總是呈現常啟狀態(?今天我們一個小娃兒就差點偷溜下去了 囧 ;;這裡也有遊戲區的監視器,前後各一台,如果想要把小人放在遊戲區玩樂,在上面聊天的話很實用,而且很清晰板橋艾X的監視器模糊到我都想說那是擺設了吧(挖鼻孔 ;;進去前都要脫鞋子,也有鞋櫃可以放好*小提醒:進入遊戲區都要穿襪子喔一旁也有置物櫃可以放大人的包包(放樓上也未免心臟太大顆了哈哈)置物櫃中也有店家準備的乾洗手, ; ;;樓下的空間之寬敞啊啊啊啊啊啊小人跟媽媽都在裡面噴跑了!!!地上軟墊的厚度很夠,所以跌倒也不大痛~雖然是在B1,空氣還是很流通,也沒有悶熱的感覺但我想真正的考驗應該是在夏天.... ;;球池的球數量很多,也很乾淨,最討厭沒誠意的球池裡面只擺幾顆球了...小孩們丟球丟得很盡興,裡面有兩座韓國的大象溜滑梯,進球池的階梯也有用防撞墊貼著喔,這點很得我歡心 ;;B1遊戲區裡面一共放了兩台Honeywell的空氣清淨機還有一台應該是除濕機(沒仔細看牌子)私以為親子餐廳即使不放這種機器也沒甚麼大不了,但是擺了就可以讓人感覺到店家的用心,才是真正替孩子們設計的親善空間;;;裏頭有一面很大的黑板可讓小朋友們做畫,雖然有詢問過店家,使用的是無毒粉筆,但畢竟有粉塵,清潔也不容易,阿軒有過敏體質,所以就沒讓他玩這邊的粉筆了;;;裏頭有不少騎乘玩具,音樂電子車、小朋友著迷的嚕嚕車、到底是驢還是馬的Rody都有但是嚕嚕車只有一台,可以想見日後大家搶車的情況,也有益智類型的七巧板跟EVA的軟積木,種類算豐富,只是數量不多不過店家說會再陸續增加,畢竟目前還只是試營運狀態(而且才剛開始四天整個很新);;;其中我最喜歡這組樂高積木桌,聽老闆娘說是台灣的品牌,可以把樂高直接在桌上拼組,缺點是比較輕,小朋友一翻就倒,像阿軒這樣比較哈比的小朋友在攀爬的時候要小心一點 ;;也有小男人痴狂的電動軌道車組,而且桌子四周都有貼上防撞條坦白說來這邊玩,我很放心,起碼跌倒撞到還不會受很大的傷(但老話一句,人開始多起來的時候就不太一定了..) ;;環境部分分享完畢,接著是【餐點心得】;今天一到餐廳的時候,現場客人大約四、五組,服務生並沒有送上水&amp;menu來都是我們自個兒到吧台索取,但是服務生態度都很親切,而且他們目前是試營運,本來就有許多待調整的地方,所以我可以體諒,先放幾張menu的照片,但是餐點部分,店家說會再陸續調整所以大家就稍微看下價位吧 ;; ;;我點的是奶油鮮蔬焗飯($305)補差額換飲料鮮奶茶坦白說以這樣的份量來說,我覺得價位偏高,因為連我這種小胃鬼都沒吃飽又叫了一份下午茶 囧不過,餐點的口味是我認為親子餐廳中算是很美味的!;一般套餐附的例湯,沒有註名是甚麼,喝到快完我還是喝不出來orz有點像是蘑菇濃湯,上面撒了杏仁片,鮮奶茶送上來的時候,喝了一口有嚇到,因為沒有味道,問了吧台才知道,原來是怕客人口味不同,所以一率做無糖,另外附上果糖自行調味(但是也忘記送上來就是了XDD);甜點則是手工做的蒟蒻,服務生送上來的時候我隨口問下是甚麼口味他回答我是【冬瓜】,我又嚇了一跳(有沒有這麼容易被驚嚇)因為冬瓜蒟蒻....實在是很微妙的組合啊還好後來勘誤為水蜜桃XDDD吃起來酸酸甜甜的,嗯....沒有評價(怎麼會這樣) ;;這是我又追加的甜點套餐($285)我選的是起司蛋糕+巧克力聖代+漂浮紅茶起司蛋糕味道很淡,說不上喜歡或不喜歡,很中規中矩的一塊蛋糕兩顆泡芙就真的不太愛,一顆是原味奶油,另一顆是草莓奶油奶油味道很油很重,我吃不到一半就放棄了,巧克力聖代就是冰淇淋這樣(我沒梗了)漂浮紅茶口味也很淡.如果今天沒有五折優惠,點了這樣的一個套餐,我應該會有些惱怒orz雖然親子餐廳的餐點不必太要求,但這樣一份要價$285,CP值不大高; ;;【小總結】送餐速度算快,沒甚麼等到,而且主餐的口味很不錯鬆餅口味有點少,目前只有蜂蜜跟巧克力,兩種都是不太適合小朋友吃的另外就是服務生態度很好,對小孩們很親切,也會逗小孩聽他們說,他們之後會輪流派1-2位姊姊,下去遊戲區陪小孩玩&amp;維持秩序,也會幫每個小朋噴乾洗手板橋艾X服務生的態度就真的不太敢恭維....號稱是親子餐廳,卻連服務生都對小孩不友善,實在是....(趁機抱怨離題了 囧);(跳一下);遊戲區每個晚上都會進行消毒,而且今天店長看到我們自備餐具,在我們離開的時候還主動幫我們清洗,人真的很好(豎大拇指)希望可以保持到開始熱門、人變多之後XDD;;餐點口味小評:banana=wawaU2;小散漫;蘆洲奧莉維亞;民生社區cafe Ballet;板橋艾瑪=板橋逸馨園(這麼一寫我好像去過滿多家的了XD)價位小評:板橋艾瑪;wawaU2;板橋逸馨園;小散漫=banana=民生社區cafe Ballet=蘆洲奧莉維亞(因為艾瑪是巴費式的,所以不太便宜呢,wawa我也是只吃過包場的巴費式);整體空間小評:banana;wawaU2;板橋逸馨園;小散漫;民生cafe Ballet;板橋艾瑪=蘆洲奧莉維亞;【店家資訊】吧娜娜Banana親子餐廳台北市內湖區東湖路119巷8號02-2632-0107營業時間:11:00-20:30粉絲團:https://www.facebook.com/banana11908
<親子餐廳>(已結束營業)南瓜的魔法食堂。友善的親子園地  @羅東♥ 南瓜歐風咖哩羅東店-親子餐廳,親子育兒,10355,0,28,http://anitading2009.pixnet.net/blog/post/58150626-%3c%e8%a6%aa%e5%ad%90%e9%a4%90%e5%bb%b3%3e%28%e5%b7%b2%e7%b5%90%e6%9d%9f%e7%87%9f%e6%a5%ad%29%e5%8d%97%e7%93%9c%e7%9a%84%e9%ad%94%e6%b3%95%e9%a3%9f%e5%a0%82%e3%80%82%e5%8f%8b,2014.07.24 拍攝於【南瓜歐風咖哩羅東店-親子餐廳】的兒童遊戲區內。Q比說：「我是一隻鹿」from：Q比的生活日記。;;帶Q比回宜蘭娘家放暑假，除了去戶外景點玩之外，也想到室內又能有小小孩可以玩的地方。因為連續幾天往外跑後，原本皮膚還算白皙的Q比，在酷暑的天氣下，也逐漸變成小黑妞了;;~。宜蘭的親子餐廳並不多，而且位址都離我三星的家滿偏遠的，加上交通工具是機車(我給我妹載)，沒辦法騎到太遠的地方。想說查尋看看羅東鎮有無親子餐廳，結果透過abic愛貝客親子遊網站，竟真的找到一間親子餐廳-【南瓜歐風咖哩羅東店-親子餐廳】。從餐廳官方FB介紹，得知店內除了有小朋友玩的遊戲區外，每天還有專屬幼兒的活動課程，當下讓我非常心動。再加上有跟老妹提到這間餐廳，她說這間餐廳之前是“吃到飽”的形態經營，口味還ＯＫ。原來這間餐廳已在羅東開業已有一段時間，聽到我妹對它的評價不會太差，決定隔天就去打卡報到。▲【南瓜歐風咖哩羅東店-親子餐廳】位於中華路與林森路的交界，靠近羅東國中▲到門口就見到非常顯眼的大南瓜圖案（像是萬聖節常出現的南瓜造型），餐廳整間裝潢是以南瓜色系為主（也就是橘黃色），並加入萬聖節的黑色元素，走進去就像是來到南瓜們的魔法世界。原本存在安靜的南瓜田園裡，經由魔法的揮灑下，到了夜晚南瓜們一一甦醒，在這裡展開了歡樂的party。;;; ;▲餐廳內的用餐環境寬敞舒適，裝潢採變形蟲造型簍空設計，並以橘黑色為色彩基調，很有特色的一間店▲▲牆面設計得很有意思，有進入可愛版魔法世界的感覺▲▲迎賓台旁有南瓜圖案的身高尺，可能是之前餐廳轉型前(吃到飽)時所留下來的▲ ▲四週牆面可看見中英文的人生哲言的分享▲ ▲也可隨處看見在不同繪畫風格下的南瓜，有陰森、童趣、可愛等樣貌▲▲收銀台前放著有各式各樣的南瓜造型擺設▲店內空間寬敞，冷氣也夠涼（真爽），推門進去馬上就有親切有禮的店員(應該是老闆娘吧!)，一見到我有帶小孩來用餐，很快地就拿出兒童椅並在餐桌上備好兒童餐具。又看我是第一次來店裡用餐，非常熱心的向我介紹店內的餐點，讓我對該點什麼餐有些頭緒。此外，為了讓我能好好點餐，還主動幫忙安撫在兒童椅上按耐不住的Q比，拿蠟筆給她畫畫，很有耐心地與她說話。如此的親善服務表現，大大提升我對餐廳的好感度。▲感謝店員的幫忙，讓我能在不被Q比打擾下看菜單點餐▲餐點的種類滿多種的，而有"南瓜"和咖哩風味的料理(如:義大利麵和火鍋等)，是店內的招牌菜色。外面義大利麵的餐廳有南瓜口味不常見，感覺起來很特別，所以就點了南瓜義大利麵來嚐嚐看。另外，只要是點精緻套餐、火鍋套餐和蛋奶素類的餐點，都有搭配南瓜奶濃湯、招牌沙拉(藍莓醬和日式和風醬二選一)，還有附餐甜點和飲料。套餐價位約230~295元，若以是"親子餐廳"的價位來看，我覺得不貴耶，似乎又能吃得很飽^^。▲菜單封面設計一樣有南瓜的圖案▲ ;▲精緻套餐內容，更詳細的菜單介紹可參考官網菜單▲點好餐後，將有點愛睏在ㄏㄨㄢ的Q比帶去餐廳的遊戲區玩，多點走動來消耗她的精力，藉此助長她的睡意;(媽媽我等會兒也才能輕鬆自在地享受美食^0^)。遊戲區與餐廳的裝潢風格一致，走的也是萬聖節的牆面佈置，牆壁上可以見到許多南瓜的圖樣。我想如果萬聖節在這裡舉辦小朋友化妝變裝活動以及trick or treat;(不給糖就搗蛋)，完全可以感受到萬聖節的氛圍，是個很應景的場所。遊戲區是獨立的空間，但沒有很大，是有點長方型的隔間。裡面擺放了跳跳馬、填充玩偶娃娃、少許的海綿積木以及牆角上有放置一些兒童故事繪本。地上有鋪上巧拼地墊，進去玩之前，請先噴上入口處的乾洗手並拖鞋才能進入。入口處也張貼了遊戲區使用規範和當月的兒童活動課程，供大家觀看閱讀。▲進入遊戲區前，記得噴一下乾洗手消毒雙手。遊戲區規範其中一條寫道:開放給90~120cm兒童使用，90cm以下兒童請家長陪同。乾洗手上方貼著當月活動課程，除公休日之外，每天都有活動可參加▲玩了一會兒，Q比終於睡著了(喔耶! 我可以悠閒用餐囉~轉圈灑花)! 桌上已放好了南瓜濃湯和沾有藍莓醬的沙拉。湯喝起有南瓜味道但不夠濃郁，湯有點太稀。藍莓醬沙菈料多不會太甜，有夏日清爽感，還配上一球南瓜蛋白泥，嚐起來不錯吃。主餐-南瓜鮮蔬義大利麵，吃第一口覺得沒什麼味道，但連續吃幾口後，開始有南瓜的香味，麵條口感不軟爛帶點Q勁，整體來說很適合炎熱的夏天食用，爽口不油膩。甜點奶酪與飲料味道都還不錯，和外面的西式餐廳差不多。▲配料和湯頭都有點稀少▲▲沙拉給的料還滿多樣，不錯吃▲▲主餐-南瓜鮮蔬義大利麵，清爽不油膩適合在炎熱的夏天吃▲▲甜點-奶酪和附贈的水果-柳丁▲; ; ; ; ; ; ; ; ; ; ; ; ; ; ;;; ; ; ; ; ; ; ; ; ; ; ; ; ; ; ; ; ▲我點的鮮奶綠還不錯喝，不會太死甜~▲快到下午一點，店員提醒我待會兒有英語故事課程，邀請Q比一起來參與。那時Q比還在睡覺，想說可能沒法去上課。然而Q比一聽到小朋友的講話聲音，敏感的她馬上起來，看看外面發生了什麼事。還好上課時間才開始沒多久，帶著睡眼惺忪的Q比去上英文課(這好像是Q比第一次上幼兒英文課)。上課的老師很熱情活潑，用可愛旋律的英文兒歌展開今天活動的序曲，示範簡單的肢體動作，和小朋友們進行帶動唱。整堂課只有半小時，但活動內容豐富好玩，從一開始的暖身動作，到進入主題用英文繪本說故事，說故事的同時還搭配自製的教具(老師好用心啊)，讓小孩一起操作教具，穿插互動的小遊戲，使得小孩好投入。由於Q比年紀太小，有時會在狀況外，但老師並不會強迫她要做一致的動作，只要她有互動就好。最後，以輕鬆緩慢的兒歌和找出圖上不一樣的地方，結束今日活動。; ▲來上課的美語老師真認真，還自備可與小朋友互動的教材(具)，來吸引小朋友的注意▲; ▲老師上課表情與肢體動作都很豐富，讓小朋友看得津津有味▲之後，店家還會每個月更新兒童活動課程，內容不重複又多元，有繪本故事、日文兒謠、幼兒體操、寶貝瑜珈和英文童樂繪等。另外，備有多樣化選擇的兒童餐(如:寶貝咖哩豬肉蛋包飯、帥氣托斯卡尼蕃茄義大利麵、卡比兒燒豬肉薑黃飯、當季健康時蔬和滑嫩歐姆蛋等餐點)可供小朋友享用。店家也強調所有餐點堅持不加味精及人工化學添加物，堅持當季新鮮食材，像是南瓜來源是取材三星親戚家所種的南瓜田，以有機方式耕作。;離開餐廳後，隨意在羅東鎮街上逛逛，最後走到"中山公園"去看裝置藝術和進到兒童美語圖書館看書(回顧:兒童美語教材資源豐富又免費，來這裡學習英文就對了!@宜蘭羅東♠兒童美語圖書館)。;Q比媽的餐後心得:帶小孩來【南瓜歐風咖哩羅東店-親子餐廳】用餐感覺很舒服，對他們服務態度的印象也很好。因為餐廳每位服務人員都會對小朋友們友善示好，有時候也會跟他們玩一下，和小朋友之間有良好的互動。至於餐點部份，對我來說口味上還算ok，走輕淡爽口路線，很適合小孩的胃口。初次拜訪感覺不錯，下次還會帶Q比來這裡參加兒童課程和用餐。;;;欲知更多有關【南瓜歐風咖哩羅東店-親子餐廳】的消息，可前往他們的官網與FB專頁查詢(點我);;【南瓜歐風咖哩羅東店-親子餐廳】營業時間:;週一 ~ 週日: 11:00 - 21:00 中午不休息;(週三公休)地址：宜蘭縣羅東鎮中華路96號;電話：(03)9557858消費 :;可單點或套餐，10%服務費外加其他資訊 :;有停車場、兒童活動課程、兒童遊戲區(若要換尿布可到遊戲區內更換)。檢視較大的地圖;;❤;如果喜歡Q比的生活日記(Q比媽生活札記)就幫我按讚一下唷!!;;; ; ; ; ; ; ; ; ; ; ; ;❤;感謝你的鼓勵Q比的生活日記;文章來源出處:http://anitading2009.pixnet.net/blog;;
(新竹竹北)小人們都玩到樂不思蜀的親子餐廳"La Play樂玩",親子育兒,79390,14,48,http://cecile0982.pixnet.net/blog/post/107807917,趁著"La Play樂玩"試營運期間還沒結束 ;趕緊熱騰騰的分享這間這個月才開幕有著超級大遊樂空間的親子餐廳 ;不然發哥都說我最近的文章很沒營養~老是在寫家務事連自己被火龍果嚇到挫屎的事件也好意思寫出來~~~真的勇氣可嘉!!哈哈哈阿哈哈啊哈~都被嫌棄成這樣了不平反一下怎麼行!;竹北文興路上、十月份新開了一間親子餐廳叫做"La Play 樂玩" ;只能說~親子餐廳真的是很造福媽媽們的一個公共場所除了讓孩子有玩樂的空間~媽媽們也能有自己的時間小聚一下有時孩子們無來由的哭鬧而媽媽安撫不了時大家也彼此都可以諒解、或是互相幫忙甚至小交流一下育兒心得而不是擔心可能會被投以異樣的眼光而覺得難為情當然如果小孩真的很灰還是會難為情拉~但大家懂我說的意思嗎?就是至少親子餐廳裡來的都是媽媽們~至少大家都會同~理~心~相待~阿~~~~像這間"La Play 樂玩"就算是竹北地區規模蠻大的一間親子餐廳玩樂的空間...整整是用餐區的四五倍大呢!!;當然~~消費自然也隨著規模的大小成正比拉切確的票價我也還不確定因為去的時侯還是試營運階段應該到10/30日為止算法都還是如下;;平日玩整天特價$289~正式營運後會有另外的算法也不一定(到時候我在更新唷))如果怕不清楚的朋友也可以先打電話詢問03-5505340La Play訂位專線以免白跑一趟嘿;連上二樓活動區的樓梯都設計成溫馨的大樹狀讓小朋友一踏進來就知道~這不是一般吃飯的餐廳這是專門為她們規劃的遊樂場所~;轉個彎來到二樓撞見充滿童趣的色調以及滿滿的玩具~;;溫刀那兩姊妹有如撥雲見日般都興奮的邊跑邊尖叫~頭也不回的往裡頭奔去 ;大致上分為三大區這一塊感覺是比較適合1~2歲左右的幼兒遊戲區;小杯比應該可以在這區摸索很久像胖庭快三歲的小人都可以待上好一陣子(對積木很有興趣哩)但哥哥姊姊就還好~小恩她們一直無視這區到處奔~哈;這裡還有一些可愛的桌上型玩具像這組釣魚我自己就好喜歡唷~對了~這裡的玩具全都是木製的唷~還有一區全部都是MG的廚房組我家兩姊妹都愛翻了 ;;接著過去~就是超級熱門的賽車跑道區囉~~~;;;在另一個遊戲區的外圍規畫出小跑道;每個整點都會有20分鐘左右開放玩賽車;大朋友自己開好拉風;小小孩可以讓大人遙控~一樣安全又拉風(但為何胖庭臉這麼嚴肅?);除了有賓士、LEXUS...........車庫裡還有法拉利跟奧迪ㄝ~~~~哈哈~是小人界的名車大賞了嗎現在XDDDDD;小人的遊樂天堂!!;這裡是模擬情境的遊戲區可以玩逛超市買東西結帳;或是到廚房裡自己開伙用餐;小女孩的夢幻逸品Mother Garden廚房組全都在這兒了玩到拉都拉不走ㄝ ;;小小咖啡廳~;; ;;醫護站~;圖書區~;每天都有固定的說故事時段~;童書種類琳瑯滿目~足以滿足各個階段的小人呢 ;;靜態的模擬遊戲玩膩了~還可以來球池這裡運動跑跳一下;小而巧的溜滑梯~其實速度有點快但球夠多~有緩衝速度的效果;大家都玩瘋了~~~~~~吼~是有沒有這麼開心吶 ;本來這天是想說帶姊妹花來體驗看看玩一小時就好結果一進來整個拉不走~每個都玩到都不想回家只好撂下企拉~~;正式營運後就會提供餐點 ;不要問我餐點好不好吃嘿~因為我根本沒吃過阿~~只是單純分享有這個地方讓媽咪們聚餐時可以多個選擇唷^^;La Play樂玩電話:03 550 5340地址:302 竹北市新竹縣竹北市文興路一段308號2樓 (入口在嘉政二街1號);;不犀利人妻也可以宣傳你的粉絲專頁;;;;
【中壢親子餐廳】Mni 米倪親子餐廳♥好玩有趣的米倪妙妙屋 還有孩子最愛的沙池&兒童遊戲區,親子育兒,1375,1,50,http://eeooa0314.pixnet.net/blog/post/436080001, ;帶著孩子到處玩,沒想到居然也玩到中壢的親子餐廳來了..是說台北也新開了好幾間,都還沒有拜訪過呢!!會來到米倪親子餐廳其實也是誤打誤撞雖是意外,不過慶幸的是~是間不錯的親子餐廳,也沒枉費我們大老遠搭電車來了!!;;;當天其實帶著孩子搭電車是要去埔心牧場玩樂的結果下大雨啊~~好大好大的雨唷!!於是我們只好臨時更改為室內行程想說既然都到桃園埔心了,就就近找間不錯的親子餐廳吧上網估狗找到了這天位於中壢的~米倪親子餐廳;距離中壢火車站其實不遠,走路大約10分鐘左右我們抵達時下大雨,於是搭計程車計程車由中壢火車站米倪親子餐廳約100元 (沒跳表,司機自行喊價)回程時因為雨停了,所以我們散步用走的,對我們而言不遠!!;ADD:桃園市中壢區中美路二段130號TEL:03-4260505; ;米倪親子餐廳的招牌不大,一旁就是天秤座西餐廳由天秤座旁的小門進入~門口有消費方式可參考!!大人用餐時間低消250元,下午茶時間則為200元!!; ;米倪主要餐廳是在2樓遊戲設施則為2、3樓,1樓是小朋友很愛的沙池唷玩沙區跟用餐及一般的遊樂設施分開很不錯沙池有提供好多的玩沙玩具!!一旁還貼心的有座椅,小孩玩沙時大人就可以坐著觀看休憩!!; ;樓梯間佈置的可愛,很吸引小朋友的目光一旁還加有網子,以確保孩子的安全;;; ;桌位也算不少了我們下午時段來,有點驚訝~因為還蠻多人的耶不過看起來很多應該都是中午時段來用餐的用餐時間限制3小時,跟大多數的親子餐廳一樣; ; ;牆面上有童趣的圖案~相當活潑繽紛這一區是2樓的小小遊戲區空間不大,進入需要脫鞋著襪!!;二樓用餐區有規劃監視畫面,1至3樓都有畫面這樣大人在用餐區聊天吃飯,也能隨時注意孩子的動態; ; ; ; ;空間真的是小巧迷你啊~不過孩子們還是玩得很開心!!; ;這蹺蹺板的圖案也太可愛~不過這區的遊戲空間已經夠迷你了,再放上蹺蹺板空間就更縮小了; ; ;二樓的遊戲設施分為好幾區除了上面介紹的小小遊戲區之外,還有三個不同空間各放置了廚房遊戲組因為小孩要脫鞋,所以分好幾區比較不方便建議穿拖鞋來,這樣孩子要更換遊戲區穿脫比較方便不然大部分的孩子都乾脆不穿鞋了,只穿襪子滿場跑; ;每一個小小的遊戲空間都有提供不少的玩具孩子玩過後,玩具散落一地,每區都變得好亂啊 呵呵!!; ; ; ;以親子餐廳而言~餐點選擇算是不少了最後我們選擇了兩份下午茶下午茶時間為14:00-17:00 平日優惠 低消只要200元附120元以下飲料任選,超過補差價; ; ;點了一份鮪魚玉米三明治(NT.200)及一份榛果焦糖鬆餅(NT.180)下午茶的兩杯飲料忘記拍攝了..這樣的餐點份量算是不錯了,口味也OK; ;小魚餅乾是附贈給小孩子的,一人一份畢竟孩子也是要收取費用的啊!!; ; ;二樓的小角落還有這個打彈珠的遊戲及打擊樂器遊戲這兩隻不時就會跑過來玩,看來深得孩子喜愛~; ;孩子們很喜歡的玩具車車他們會讓車車溜滑梯~; ;還有提供不少的童書讀本還真的有小孩乖乖坐著看書呢~好棒啊我們家兒子不愛看書啊; ;好棒的設計~書櫃的背面是黑板耶孩子們可以自由的塗鴉作畫不過當天孩子們都被玩具給吸引了,沒有人注意到這裡可畫畫; ; ;廁所設計的算是相當不錯~男女生是獨立分開的空間女廁有兩間大馬桶,一間適合小朋友的小馬桶另外還有設置哺乳室及尿布檯然後還有提供吹風機唷~好貼心啊像兒子玩的滿身大汗,就可以使用吹風機吹乾以免感冒; ;生意算是很不錯平日下午就有這樣的人潮,所以建議假日要來要先訂位比較保險; ; ;其實米倪的空間很大,設置了好多不同的空間另外還有PARTY包廂及適合上課用的包廂區; ; ;如果你以為只有二樓的遊戲空間那麼就大錯特錯了..記得要往三樓走唷~三樓更好玩!!三樓規劃為米倪妙妙屋,另外還有兩間PARTY包廂米倪妙妙屋是今年四月才開放的遊戲空間,只要用餐就可以免費玩如果不用餐的話,就要另外購買遊樂券!!; ;有好幾台小車車~還有規劃車車的專屬停車位!!; ; ; ; ; ;遊戲設施還不少~是個小孩可以嗨翻天的好地方只不過我的孩子比較膽小,有些設施還不敢玩,要不然還真的蠻好玩的; ; ;駕駛車車有專屬的道路還有規劃指標、斑馬線、停車區等,這樣玩起來更開心而且可以繞場一周,挺不錯的!!; ; ; ;當然溜滑梯也有唷~很多親子餐廳都沒有溜滑梯呢米倪妙妙屋的溜滑梯設施蠻大的,孩子還可以在上面爬來爬去; ; ; ; ;最後要離開前我們才讓孩子來玩沙沙子對孩子而言真的有莫名的吸引力~孩子們超愛..整個玩到捨不得離開啊!!最後因為我們還要搭電車返台北,讓孩子玩了好一會兒,就帶著孩子跟米倪掰掰了;因為加上米倪妙妙屋,所以個人覺得這樣的低消算是ok大人NT,250 ;平日下午茶優惠NT.200小孩80cm以下免費 ;81-100cm NT.100 101-120cm NT.150 (不能抵消費);
台北最值得推薦的親子餐廳,親子育兒,27184,4,11,http://payyne.pixnet.net/blog/post/29125679,;;所謂親子餐廳，網路上找到了許多，看到的多半是擺幾項兒童玩具（放個塑膠製的溜滑梯、跳跳馬...），抑或是放幾本故事書在裡頭，餐廳裝潢多些鮮艷顏色，外加幾個自認有創意的塗鴉，就認定叫作----親子餐廳讓我這個作媽的實在非常不能苟同更誇張的是，所謂兒童餐廳供的餐點竟然多半是以炸雞、薯條..這類沒營養的垃圾食物為主若真要吃這類食物，我還寧願選擇就一般簡餐店，讓小孩分食著大人的餐點還來得營養均衡些...帶顆小皮球去吧，這裡即便把球丟偏了，也不用擔心球會滾到危險的車陣裡...日前來到劍潭活動中心，驚覺我們一直以來努力尋找的親子餐廳，不就應該是這樣嗎？這裡有玩具嗎？--沒有這裡有漂亮的裝潢嗎？--沒有這裡有賣相佳、擺盤精緻的兒童餐點嗎？？--也沒有那....這裡為何可以被我認定是最棒的親子餐廳呢...因為這裡沒有矯情的餐食、做作的環境及貴森森的入園費這裡的餐食就一般簡餐，這裡的環境就像舊時簡單的設備（甚至可以說是寒酸），這裡入園只需停車費一小時20塊最棒最棒的是，這裡有一整片維護得很乾淨，而且占地不算小的草地咦，patrick手上拿的球怎麼前後不一...不用擔心，在這裡隨時都有其他小朋友可以互換著彼此手中的玩具...在此之後還有兩位小哥哥拿著恐龍跟他一起玩挖土遊戲呢~~話說，我們家這小子還不知恐龍到底是啥玩意兒~~;;"這天中午，原本只是到劍潭活動中心，報名某救國團的課程報名後剛好遇午餐時間，看到一旁就有一家咖啡館，不抱任何期望，單純去解解飢走進去後，覺得整體氛圍還不錯...環境比我想像中乾淨，服務的人員也不晚娘面孔餐食嘛，就一般簡餐囉，沒有針對小孩的餐食，所以也沒什麼特別要介紹的不過個人很喜歡這種不做作的用餐環境，小孩可以從四面的窗看到外面加上裡頭採光很好，配上紅白格子狀的桌布，有點兒復古也有點兒溫馨咖啡館名稱叫「潭園咖啡座」平常日還蠻幽靜的...但一遇假日，小心連門外的露天咖啡座都是滿的....這是咖啡館外頭，有座椅、有陽傘，一旁還有一間廁所（若是怕髒，一旁有許多的教學大樓，裡頭連衛生紙都有）；最重要的是一旁都種有大樹，即便夏天在外面用餐也不會覺得太熱...這天外頭陽光有點兒大，裡頭冷氣卻強到讓人想再加件外套，我笑跟paul說，這兒算是公家單位嗎？所以冷氣很捨得供應...^^"餐後我們步出了咖啡館，走往了劍潭活動中心的正中央..一整片的草地，正當還在猶豫這裡可以走進來嗎時就看到草坪中早有幾戶人家攜著小孩在其中或躺或臥，像是在野餐一般循著邊緣走到草地的入口處，嗯，是一個涼亭，還有一條小徑，看來這裡是沒有禁止人們入內的..於是乎讓paul帶著patrick脫掉了鞋子，放肆的在裡頭奔跑起來座落在圓山飯店山腳下，圓山到劍潭捷運軌道下，一旁就是新生高架橋...沒什麼遮蔽視線的建築，讓整個劍潭活動中心就宛如在郊區一般...年紀相仿的小人兒，一碰面立即變成好朋友~~此時還有位年輕媽媽，領著還在學走路的小娃兒在草地上搖搖晃晃走著還有一位爺爺，任由他兩個小孫子在草地上玩著翻滾的遊戲，而他正怡然自得的躺在草地上發著呆呢~~patrick也因paul的鼓勵大膽的光著腳在有點兒刺的草地上玩著丟拋球的遊戲...不久原躺在草地上的老爺爺離去前還特地過來跟我聊了一下他說他們是特地從桃園過來的...因為實在太愛這塊草地了，既沒有狗狗在上頭灑尿也不會離市區太遠，不用為了找草坪特地開好久的車到郊外去最最重要的是，一點都不像觀光景點老是擠滿了人，和一群吵雜的人鬧哄哄的完全失去恬靜的心境...一聽到我們說就住在附近，他一直說好幸福...玩累了，躺在爸比的腿腿上...（在城市住慣了的小孩脫了鞋子玩了一會兒後吵說腳會痛痛，促使paul又再度幫他穿上鞋子，不過往後出遊就慢慢敢光著腳ㄚ子走路了...）一整個週末午后，我們就這樣在草坪上窩著，哪兒也沒去，感覺實在好愜意~~還有還有，若是走累了，玩餓了還可以到一旁的住宿區裡吃點兒東西這兒除了有乾淨的洗手間外，還有人家入住用的LOBBY休憩沙發區及上網區（當然這些是人家住宿旅客用的啦）但若真的想用一下，應該也不會被制止，除非你給人家霸占著不走...還有一旁還有一間小小的福利社，這很像我們小時候學校的那種福利社而且連賣東西的人臉都跟學校裡的人員一樣..沒什麼表情，呵~原是開放給入住活動中心旅客購買生活物品及食物的福利社，變成是在外頭玩累了進來補充能量的我們吃點心的好地方...除了點心，這裡還有提供我們能好好吃完東西再走的座椅...還有很強很強的冷氣喔（這點對夏天怕熱的人來說更棒了...）原來，一個適合親子走動的地方，就在士林這塊寸土寸金的黃金地段裡 真的非常值得有小孩的爸媽一同前往...不過請記得攜著一份靜謐溫柔的心，好好善待這塊難得的城市綠洲說不定下回我們也會在同塊草地上相遇;;
[台北。親子餐廳]  CHOP CHOP 恰恰食堂～藏身阪急百貨的親子小天堂,親子育兒,1995,0,28,http://twobunny.pixnet.net/blog/post/61388461,趁著幼兒園放 3 天暑假，兔兒麻跟兔兒來個母女倆人的小約會～我們來到捷運市府站!!一早先去【貝兒絲樂園】玩耍，再步行到阪急百貨的【CHOP CHOP 恰恰食堂】用餐【CHOP CHOP 恰恰食堂】位在阪急百貨 4 樓，餐廳很小，有個小小決明子沙坑遊戲區!!;餐點以義大利麵、燉飯等意識料理為主，除了單點，也提供三種不同價位的套餐～;;【CHOP CHOP 恰恰食堂】標榜使用嚴選食材、健康無添加，且經過 SGS 認證～;;爬文時發現好多人都說店家提供的冰淇淋水杯好可愛!! 現場也有販售喲～兔兒麻差點失心瘋入手～;;;不過～也許是兔兒比較大了，店家給他的是矽膠材質的水杯～不是冰淇淋吸管杯～;雖然是平日中午，也已經下午 1:00 過了午餐時間，【CHOP CHOP 恰恰食堂】還是坐滿滿～我們很幸運地坐到遊戲室入口旁的座位～這樣兔兒就不用穿越人群進出遊戲室了!!(餐廳真的很小，座位安排的有點過於擁擠～);;老實說～這個遊戲室真的非常小!!!! 很容易就塞滿人～不過還好當天的家長都採「放生」制度～遊戲是只有小毛頭兒，沒有大人擠在裡面～;;除了娃娃屋、辦家家廚具台，最吸引人的應該是決明子沙坑吧!!!兔兒一個人可以在裡面玩好久～媽媽我好輕鬆!! XDDD;;透過玻璃可以看到孩子玩耍的狀況～媽媽可以安心地坐在外面用餐!!;;兔兒麻點了 B 套餐 ($580) 和兔兒共享，另外單點一杯冰拿鐵喝!! (是的～陪4歲小孩出門很費神的!!)套餐有附飲料，兔兒麻選了鮮榨果汁～當天的果汁是「甘蔗檸檬汁」～一整個非常特別的組合啊!!;;裝盛果汁的瓶子超可愛～有刻度的玻璃瓶身配上鮮紅矽膠材質的瓶蓋～好有設計感!!!;;從不知道甘蔗配上檸檬的滋味如此酸甜順口～真的非常好喝!! 兔兒也好愛～;兔兒麻點的牛排義大利麵～牛排真的很大塊!! 餐廳用料真的不小氣～;;;義大利麵是用清炒的方式，麵條口感Q彈，鹹淡適中，吃起來很香很好吃，口味很不錯!!單看義大利麵，這絕對是臺北親子餐廳的前三名!! 真的好吃ㄟ～～不過牛排煎到全熟，吃起來不夠多汁，稍嫌乾了點!! 但口味也是不錯的～;;【CHOP CHOP 恰恰食堂】真的超級適合母女約會～孩子有得玩，媽媽可以好好的休息、用餐!!位在阪急百貨裡面，吃飽飯還可以去征戰信義百貨商圈～真是太贊了!! XDDDD;;餐廳提供的兒童餐具～貓熊碗好吸引兔兒啊～;;貓熊碗好可愛，義大利麵又好好吃，連挑食的兔兒都吃了好大一碗麵～兔兒麻嚇一跳!!; ^^;兔兒竟然自己非常快速的吃完麵，又進去沙坑裡面玩了！！兔兒麻也可以趁機休息、滑滑手機～非常愜意啊!!; ^^;;;兔兒挑了起司蛋糕～兔兒麻還來不及拍照，兔兒就對蛋糕上裝飾的巧克力下手了!!;;兔兒拿了咬了幾口的巧克力跟我說～「馬麻你看，我把它變成愛心了!!」 真的是愛心ㄟ～;;整體而言～【CHOP CHOP 恰恰食堂】餐點真的很好吃!! 口味大人小孩都能接受～遊戲室雖然非常小，但是小孩很愛!! 小小的決明子沙坑就玩到不想走!!餐廳的座位區稍嫌擁擠了點～還好我們當天坐在遊戲室門口，進出非常方便，也可以輕鬆顧道孩子!!之後有要帶孩子去信義區玩耍 (血拼!!??)，【CHOP CHOP 恰恰食堂】列為兔兒麻的必選餐廳!! XDDD;帶著兔兒在信義區當貴婦真的好愉快～一早去了很夯的【貝兒絲樂園】，有室內沙坑、撈魚、球池溜滑梯&hellip;還蠻不錯玩的!!只是【貝兒絲樂園】空間不大，每個區域都小小的，人一多真的很可怕～尤其是球池～小得兔兒看不上眼!! 一直嫌不夠大不好玩～Orz 從【貝兒絲樂園】步行到阪急百貨只要 5 分鐘～真的超近的!! 從【CHOP CHOP 恰恰食堂】離開後，帶著兔兒去逛 H&amp;M，兔兒挑了一件洋裝，超開心!!然後我們又逛了新光三越，最後去新光三越 A8 的 5F 做兔兒最愛的粘土手作!!母女倆人的信義區一日遊～玩耍、美食、逛街、粘土～超充實的啦!!;;;;【Chop Chop 恰恰食堂。親子友善餐廳】地址： 台北市信義區忠孝東路五段8 號-阪急百貨 4 樓;電話：02-2723-7823營業時間：11:00-21:30
▌台北親子餐廳▌♥大樹先生的家♥城堡球池.樹屋溜滑梯,沙坑,室內戶外都好玩的親子空間,親子育兒,129192,6,103,http://cline1413.pixnet.net/blog/post/395724047,;最近真的很愛跑親子餐廳,因為兩歲四個月的小安安正是好玩的階段帶他去一般的午茶餐廳根本坐不住.我們大人也無法好好吃頓飯說說話選擇安全又有寬敞遊戲環境的親子餐廳.大人小孩都會輕鬆不少王妃新書《宜蘭親子民宿小旅行》上市囉新書博客來預購 ▶http://goo.gl/DrUuaI; 新書金石堂預購 ▶http://goo.gl/FVR581;這間台北超夯的親子餐廳大樹先生的家.生意真的超好.幾次都沒訂到大寶哥生日本來想來這裡慶生.誰知大樹先生的家規定超過六歲不能進遊戲區這樣兩個哥哥只看不能玩,會很傷心,只好另外挑一天他們上課的平日帶小安安來玩因為是臨時當然只能碰運氣候補看看.沒想到竟然幸運接到大樹先生的家說有位子馬上放棄另一間親子餐廳,直奔位在古亭捷運站五分鐘距離的大樹先生的家;&hearts;大樹先生的家&hearts;地址:台北市大安區潮州街38號(古亭捷運站6號出口約五分鐘)電話:(02)3393-3313(11:00~20:30開放專線訂位)官網粉絲團可訂位日期 點我大樹先生的家,坐落在安靜的潮州巷內,附近都是住家外觀就像一棟洋房,也頗像私人豪宅裡面有一個不小的前院.為了安全門口有木製柵欄圍起不過當天進出幾次.這木製柵欄好像不是隨時有圍住,家長們還是得留意一下// // ;;;走進庭院還真的讓我有驚喜的感覺.沒想到在寸金寸土的台北還有這麼一處獨立洋房與戶外活動空間兼具的親子餐廳大樹先生的遊戲區大致可分為:樹屋溜滑梯.沙坑.城堡球池.小汽車,小廚房與0~24個月專區這棵高大的麵包樹與樹屋溜滑梯.應該是【大樹先生的家】的靈魂人物樹屋階梯,扶手與平台高度.都是特別為2-6歲小朋友身材設計的木材的材質與安全性都有特別考量進去,這些小地方就能看出餐廳的用心 ;我第一次聽到麵包樹這名詞覺得很有意思;倚著麵包樹蓋的可愛樹屋溜滑梯,上面還有小朋友最愛的秘密基地記得小時候我也曾夢想過能在樹屋裡玩樂呢;;樹屋裡有隻可愛的紅色小馬Pony Chair駐守;夏天在戶外溜滑梯可能有點熱.但是微涼又有點陽光的秋天非常舒服喔;還沒進去室內,這小子已經玩瘋了傻孩子.裡面還有更多好玩的遊樂區在等你啊;樹屋溜滑梯旁邊有座玻璃屋.這也是大樹先生唯一的包廂包場費是兩萬元.約可容納30人,附贈25人的餐點,超過人數要另收清潔費;原本店家是幫我安排玻璃屋.但到了現場發現城堡球池在主建築所以請他們幫我換到主要用餐區,這樣才能邊看小孩邊用餐玻璃屋旁邊就是好玩的沙坑.沙坑上有很多小工具可以玩仔細看這裡的沙好像跟一般不一樣原來店家是採用高爾夫球場級的白細沙,質感比較細緻不容易沾黏;;大樹先生的庭園綠意盎然.環境讓人感覺很舒適還沒走進室內區.心裡已經加分不少;園內有個簡單的沖水區,不用擔心玩沙後很狼狽;主建築是一棟白色羅馬柱的洋房,很難想像裡面是親子餐廳;這天中午門口已堆滿推車.其實旁邊還有一台要價八萬的洗球機(被南瓜擋住了)去過不少有球池的親子館&amp;餐廳.這種洗球機還是第一次看到在安全衛生這一塊.店家真的很用心(拍手);萬聖節倒數計時.餐廳內外都有應景的佈置,萬聖節當天也有舉辦活動喔;; ;;;;階梯旁設置了板子方便推車下來;進入餐廳前要先量耳溫跟消毒手;;門上清楚標示超過六歲不得進遊戲區(可入內用餐)每位進入遊戲區的小朋友都要收清潔費150元;; ;// // 走進室內,第一眼看到的是讓孩子們瘋狂的木製城堡溜滑梯球池這座球池比我想像中大.而且有質感城堡球池左側是用餐區.右側就是一大片遊戲區進入遊戲區不能飲食是基本常識通常親子館&amp;親子餐廳的遊戲區都會規定大人要穿襪子如果沒帶櫃檯有賣,一雙60元(所以大家一定要記得帶喔);放置鞋子的地方.櫃上都有準備乾洗手,進遊戲區前記得先消毒一下雖然櫃上也有一些書籍.但來到這小朋友哪會想看書啊大樹先生使用英國進口有機兒童玩具除菌清潔劑來清潔玩具;大樹先生使用的是進口膠球.半透明雙色球.這種球比較不容易踩壞變形而且上網爬文發現大樹先生每三個月全場更換新球耶所以可能三個月後來又是另一種顏色了.球色會隨一年四季變化這個創舉在親子界還真少見.不僅使用洗球機還四季更換新球清潔維護上很用心.難怪在媽媽界擁有不錯的評價木製城堡溜滑梯.作工講究之外.也都有貼上防撞條透明網狀設計能清楚看到小朋友的活動我們剛到時大家都在用餐,球池還沒甚麼人後來球池裡都是家長跟小朋友.大家都玩的很開心;球池旁都有一位工作人員在旁邊注意現場狀況.而且服務態度也很親切萬聖節南瓜吊燈很有fu球池旁有一區針對0~24M的寶寶區有好可愛的迷你小球池.溜滑梯.鞦韆.BABY專用的爬型軟墊與一些小玩具;;;;;大樹先生使用不少童心園的東西,還有一些小型的益智玩具隔壁也有小男生最愛的小汽車區有火車軌道.各式汽車.小安安一進來就玩瘋了就是幾組可愛的車子與軌道就能讓小男生玩那麼開心.叫他吃飯都不要;相較於小男生的小汽車區.小女生的小廚房區就夢幻多了;這裡有好多讓小女孩們瘋狂的Mother Garden的木製玩具;;一整排的Mother Garden廚房組真的好夢幻喔~MG的東西雖然很貴.但是質感與樣式都很不錯.難怪這麼多媽媽們喜愛桌上有比較小型辦家家酒,光是這些就可以玩好久了;現在的小朋友真幸福,玩具一樣比一樣精緻好玩;旁邊陽台還有一區開心農場.小朋友可以體驗種菜拔菜的樂趣;;用餐區桌數不少,簡單乾淨.兒童坐椅的數量蠻充足的不過我覺得桌與桌間的間距應該可以再大一些;我門被安排在禁帶外食下面那桌;城堡球池旁邊也有少量用餐區水杯都是自取// // 親子廁所,有小朋友專屬的洗手台彩色的廁所空間,每間門上都有可愛的插畫圖案有提供尿布台.但是沒有設置哺乳室(玻璃屋有簡易型的拉簾)而且廁所裡沒有小朋友專屬的小馬桶與馬桶蓋.這點有些可惜點餐櫃檯倒是挺可愛的櫃檯旁的櫥窗有一些可愛的小蛋糕;一般我對親子餐廳的餐點都不要要求太高.來親子餐廳的目的就是為了小朋友如果要吃美食,我就會去美食餐廳了大樹先生的餐點還算ok,選擇性也不少不過它有規定,六歲以下不需低消.但要150園清潔費(不可抵消費)六歲以上低消180元+10%清潔費有人覺得消費有點不便宜.就見仁見智囉 ;;;因為待會還要去喝下午茶.我們點了一個曙光汁義式雞肉燉飯加100元可三選二,沙拉,濃湯.飲料,我們就選了咖啡與奶茶;;這個雞肉燉飯的味道還不錯.只是吃了幾塊雞肉後發現怎麼飯是熱的,肉是冷的?馬上跟服務人員反映.他們當下也道歉.表示願意馬上更換一盤新的處理方式快又有誠意~這次來之前,有在網路上聽說,大樹先生因為生意好,服務品質下降這次來玩的整體感覺,服務人員都還蠻親切的.態度也很好,可能有改善了;;;倒是小安安,從頭到尾玩翻了,根本不出來吃飯,還好沒幫他點兒童餐看他在球池裡翻滾的開心表情,就知道,待會要離開一定要哭天喊地了; 還在橋上跟我說: 媽媽很好玩耶! 最近真的好會講話.每天都給我驚喜;;;;這次來大樹先生的家.整體環境與設施都讓我們很滿意超大的城堡球池.樹屋溜滑梯,沙坑,MG廚房組......讓小朋友們嗨到不行店家不惜成本用心維護,爸爸媽媽們放心不少; ; 在寸金寸土的台北,能有這樣獨立洋房與戶外活動空間兼具的親子餐廳很少見; ; 雖然價位真的不便宜.但遊戲品質與整體水準算是很不錯的親子餐廳;;;; 分享給大家囉~喜歡的話就幫我按個讚讚＋分享文章吧&hearts;大樹先生的家&hearts;地址:台北市大安區潮州街38號(古亭捷運站6號出口約五分鐘)電話:(02)3393-3313(11:00~20:30開放專線訂位)官網粉絲團可訂位日期;點我;苗栗更多優惠房價請點我宜蘭更多優惠房價請點我墾丁更多優惠房價請點我新竹更多優惠房價請點我花蓮更多優惠房價請點我台南更多優惠房價請點我南投更多優惠房價請點我;嘉義更多優惠房價請點我台北更多優惠房價請點我;野蠻王妃(yifenko);延伸閱讀;▌台北信義區親子館▌令人驚喜的親子館&hearts;貝兒絲樂園Bears world&hearts;沙坑。球池。撈魚。角色扮演好好玩;&hearts;大樹先生的家二館&hearts;MR TREE STATION 大樹站開幕囉 !全台唯一英倫三池(火車球池,花園水池,大笨鐘沙池);▌台北親子館▌公館洛德城堡兒童樂園&hearts;小獅親子城堡&hearts;一張門票玩一天▌台北親子餐廳▌&hearts;大樹先生的家&hearts;城堡球池.樹屋溜滑梯,沙坑,室內戶外都好玩的親子空間;▌台北親子餐廳▌樂高迷必訪&hearts;BRICK WORKS 樂高餐廳(小巨蛋店)&hearts;繽紛有趣,樂高隨你玩▌台北親子館▌捷運東門站&hearts;樂福Love親子館&hearts;CP值高.有沙坑,球池.道路駕駛體驗區,廚具組▌台南親子民宿▌超好玩樂高房&hearts;童莊親子民宿&hearts;除了溜滑梯還有可愛旋轉木馬與沙坑喔;▌台南親子民宿▌瘋狂溜滑梯民宿&hearts;迪利小屋二館&hearts;有樹屋的白雪公主房;▌宜蘭民宿▌時尚繽紛&hearts; ;好住Goog living&hearts; 有兒童遊戲區.又可以戲水划船的親子民宿;▌宜蘭溜滑梯民宿▌夢幻童話故事城堡溜滑梯&hearts;芯園~我的夢中城堡&hearts;艾莉絲幸福城堡親子房▌超夢幻城堡溜滑梯民宿▌宜蘭&hearts;聖荷緹&hearts;保證尖叫的親子民宿;▌宜蘭親子民宿▌9萬人按讚! 大人小孩都瘋狂的溜滑梯親子民宿&hearts;宜人生活民宿&hearts;▌宜蘭親子民宿▌每個房間都有溜滑梯&hearts;羅東孩子王&hearts;鄰近羅東運動公園.民宿內有溜滑梯球池.是間適合包棟的親子民宿8.9萬人按讚;▌宜蘭民宿懶人包▌超強&hearts;60間宜蘭特色民宿總整理&hearts;;▌宜蘭景點▌真正透沁涼&hearts;東岳湧泉 &hearts; 比吃冰還消暑的戲水景點!同場加映南方澳觀景台▌宜蘭民宿▌女孩們尖叫的粉紅城堡&hearts;貝兒花園民宿&hearts;▌宜蘭民宿▌浪漫玻璃屋&hearts;189風格旅店&hearts;鄰近梅花湖.時尚設計感民宿;▌宜蘭民宿▌現代奢華極簡風&hearts;T2會館&hearts;每個房間都是令人驚喜的大景觀房▌宜蘭民宿▌歐洲小鎮&hearts;羅騰堡莊園&hearts;彷彿走進明信片般的風景裡▌墾丁吃喝玩樂懶人包▌&hearts;八間民宿飯店.八處景點.八間美食&amp;餐廳推薦&hearts;▌京阪奈自由行▌每天都在探險的&hearts;八天京阪奈自由行行程分享&hearts;▌澳門自由行攻略▌三天兩夜自由行&hearts;吃喝玩樂行程分享&hearts;藝文探索之旅▌京阪自由行▌逛到腳抽筋行李箱爆開 &hearts;失心瘋戰利品擺滿床&hearts;▌沖繩自由行▌五天四夜自由行＆行前規劃心得分享&hearts;▌沖繩自由行▌沖繩必住!絕美海景 &hearts;全日空萬座海濱飯店&hearts;;▌沖繩自由行▌沖繩必住&hearts;聖瑪莉娜海濱飯店SUN MARINA&hearts;網友大推。c/p值高有美麗沙灘▌沖繩自由行▌必訪美食景點&hearts;花人逢(かじんほう)&hearts;超人氣海景咖啡&amp;美味pizza▌沖繩自由行▌失心瘋戰利品擺滿床~ 買到老公快翻臉
【台中親子餐廳。3Y1M】大樹先生的極光馬戲(台中崇德店),親子育兒,529,1,128,http://corisu1127.pixnet.net/blog/post/61490428,;; ;;;台北知名的親子餐廳~大樹先生的家也進駐台中囉!!!;七月底開始試營運的消息一出，就在台中各大社團引起一陣騷動可以預約訂位的第一天我也試著撥了幾通電話，但是都忙...線...中 ;過了幾天想說再打幾通碰碰運氣，就幸運的讓我預約到8/19的中午時段; ; ;;大樹先生台中店座落於北區崇德路與梅亭街交叉口，省三國小正對面;;整座樂園以馬戲團為設計發想，創造出令人驚艷的視覺享受;「大樹先生的家」榮獲各大親子部落格、新聞嚴選為必去的親子餐廳光看上面的介紹就讓我們迫不及待想趕快進去一探究竟;;太期待的下場就是記錯預約的時間 ;人家11：30才開始營業，我們不到11點就到了;;還好有個室外沙坑，可以讓蟹寶兒打發打發時間;;採用原裝進口的高爾夫球頂級的細沙，又輕又細不刮手也不易弄髒;;玩沙工具遍佈沙坑;;;雖然獨享沙坑的感覺還挺不賴der，但穿短褲的我和爸比卻也被蚊子給叮慘了在此建議爸媽們，玩沙坑前一定要記得先幫寶貝們塗抹防蚊液喔!!!;;;一種以在海邊玩沙的方式玩沙坑的概念 ;;;店門口擺放了一隻萬獸之王-獅子，是馬戲團無誤!!!;;好有愛 ;;一走進大樹先生，立刻就被北極熊及身旁的「泡泡極光斗篷」給吸引這可是親子餐聽首創的泡泡斗篷，讓孩子能享受被泡泡圍繞的樂趣;;門口旁有一台貼上大樹logo的專業洗球機，用來維持極光球池的乾淨度除了定期洗球外，大樹親子餐廳還堅持每三個月就更換新球在洗球與更換新球的雙管齊下，無論何時到大樹先生的家都可以享受乾淨又閃亮的球池也讓人好期待三個月後的極光球池又會變成甚麼顏色呢???;一眼望去，是擁有兩層樓挑高的用餐空間;;;雖然桌與桌之間的距離頗近但除了用餐時會坐在位置上外，其餘時間我們都在遊戲區陪寶貝所以不至於覺得困擾 ;;藍色牆面是北極光燈海 ，每一盞極光燈會隨著室外溫度改變顏色唷!!!;;menu簡單點完餐，就陪著寶貝直奔遊戲區了;;馬戲坐騎;美國原裝進口的木製搖椅，總共七種動物任君挑選;;極光馬戲球池 ;全台首座的極光球池以透明的藍綠色作底加上七彩的點綴，呈現夢幻的極光感 再配合四週的動態雪花牆，也是全台獨一無二的極光馬戲球池;孩子們真的無法抵抗球池的魅力，一走進遊戲區就立馬跳進球海中;;;;;整座球池就如同大海般閃閃發亮讓人忍不住在裡面就幫孩子們拍起寫真集來了; 專屬的半透明球，每顆球上都有大樹的Logo和CE認證柔軟卻耐重的球質，讓大人也能一起入內玩樂;;被球海淹沒的寶貝，彷彿徜徉在汪洋大海中;;跟爸比玩得超hiigh;;溜滑梯預備備;;;;光看就知道一路滑進球海中有多刺激好玩;;再來一次;;;笑呵呵～;;這天默默拍了好幾個小萌娃 ;;;球池裡也有一些道具可以玩;;;嘿呦～嘿呦～一種划船的概念;;;;;翻船是一定要有的戲碼;;;寶貝一路high到不行;;;;每一區都有會服務人員看管、陪玩這樣父母就可以安心的在座位用餐、聊天，不用時時陪在孩子身邊;;;鞋櫃上擺著幾本童書，不過翻閱率不是太高就是了;;;扮家家酒區;;;一系列日本mother garden廚房組;;原裝進口夢幻娃娃屋系列大樹先生引進美國原裝進口的 Kidkraft 娃娃屋，實現了每個小女孩心中都住著一位公主的夢想在娃娃屋的世界裡，可以盡情的幫每個芭比打扮;;;大樹先生馬戲農場將果樹與農地的結合，簡直就是專屬孩子們的開心農場啊!!!也可以順便教導孩子那些蔬果是長在樹上、哪些蔬果是長在土地上這樣;;即便家裡已經有一組廚房組，但外面的總是比家裡的好玩;;;戴著隔熱手套開烤箱，雖然有點假掰但真是可愛到不行;;邊烤邊擺盤;;最後竟然還弄了一個set出來 ;;來~拔拔ㄚ!!!;;看可愛的小女娃玩廚房組我都要融化了啦 ;;;;很貴的Mother Garden森林動物廚房組，在這兒玩玩就好;;寶貝最後還跟可愛的小女娃兩小無猜的玩起扮家家酒來;cute  ;;;;這兒絕對是小女孩的夢幻天堂無誤!!!;媽咪自己很喜歡的野草莓漂亮化妝台裡面也有喔~沒想到我家寶貝也意外的愛玩ㄟ，應該是平常看媽咪化妝看出心得來了 ;;;口紅塗的比媽咪我更有模有樣（那嬌羞的表情又是怎麼回事???）;;一看到他做出撲粉的動作時，我簡直是要笑翻了;;;最後再把頭髮整理好這...完全就是媽咪出門前的sop阿!!! ;;;蟹寶：媽咪我漂亮嗎???;;恩...媽咪覺得化妝台還是留給小女娃玩比較好;你還是乖乖的當你的阿蟹師吧!!!;;德國進口木製火車軌道;;;遊戲區的玩具實在太多了;所以難得寶貝看到車車沒有一頭栽進來不肯走;;畢竟每一區都要輪流玩一下;;;比起扮家家酒區，這邊真的比較少女生來玩;;;;;;;;總之每一區都好殺時間;;軌道旁擺著兩組乏人問津的people彩色米積木只能說小屁孩們還真不識貨;;大樹先生還特別規劃了一個for 0~24m寶寶的遊戲區（我家寶貝給人家亂入啦）;; 蟹寶兒每一區都玩了好幾輪最後媽咪還拜託服務人員幫忙規勸才讓蟹寶離開遊戲區去吃飯;餐點的部分我們點了一份藍帶豬排咖哩飯;;以及小樹肉醬卡通麵（兒童餐）;;兒童餐裡還有附水果;;基本上來親子餐廳重點就是要讓小朋友可以玩的開心餐點的部分我是不會抱太大的期望加上我們在遊戲區耗了太多時間，到座位時餐點早就都冷了冷掉後的味道更是...;不過我個人是覺得兒童餐有稍微好吃一點啦!!!;;另外點了兩杯飲料：拿鐵和水果茶（不含咖啡因）飲料的味道倒是還不錯;;等我們吃完飯，差不多就快到下午1：30的泡泡時間;大家排隊時，上方也開始噴起許多泡泡;;蟹寶兒一看到就開始追泡泡;;;大人也可以陪同孩子一起進去玩泡泡斗蓬;;不得不稱讚服務人員的用心，不僅會幫忙吸引孩子看鏡頭;只要泡泡斗蓬不夠成功，都會重來一次這樣;;;蹦!!!;;;因為太好玩了，我們總共幫蟹寶兒排了四次 ;;;上廁所時才發現原來還有一個我們從頭到尾都忽略的塗鴉區;;寶貝足足玩了三個小時才依依不捨的離開下次就等球池換顏色再來玩吧~希望訂的到位呀!!! ;; ;;大樹先生(台中崇德店); ;電話：04-22352253地址：台中市北區崇德路一段212號;;場次：中餐 11:30~14:30午茶 15:00~17:30晚餐 18:00~21:00(晚餐時段104/8/17後開放）年齡限制：0~6 歲方得進入遊戲區，國小以上的孩童不得進入遊戲區消費方式： 6歲以上：低消NT$180＋10%服務費6歲以下 (學齡前)：清潔費NT$150 (平日) / NT$180 (週末例假日) 「孩童無基本消費，其入場清潔費 『不』 折抵任何消費」;;;
小Q媽咪☆台北親子餐廳【內湖文德站CHUCK LAND Cafe親子咖啡】終於有一間讓我們下次還想再去的親子餐廳了!!!,親子育兒,20356,1,104,http://f97544203.pixnet.net/blog/post/272122354,帶著我家小Q妹征戰過台北市許多大大小小的無數親子餐廳但老實說沒有一間餐廳有讓我們想再度二訪　是真的沒有耶～直到去了這間內湖文德站附近的CHUCK LAND親子餐廳之後當天立馬把他們的電話輸入手機　默默新增到自己的口袋名單中從北捷文湖線的文德站2號出口出站之後　經過松青超市再往左轉大約走個3分鐘就會看到這間文德路上的CHUCK LAND親子餐廳（台北市文德路210巷8-5號 / 0227986818) (FB粉絲團）從這家餐廳開幕後就想過來玩玩　但每次假日經過生意都超級好的～今天剛好利用小Q妹早退的下午過來　進門前是期待又怕受驚嚇(哈)營業時間不分平假日都是11：00到21：00我們剛進門馬上被裡面的超大空間給驚嚇到　很大耶!!　天呀～　這輩子還沒看過走道這麼寬敞的親子餐廳!!!這樣就算是推娃娃車進　來也不用一直"借過借過"的～而且這間餐廳的裝潢風格給人一種很無壓的舒適感～如果不是兒童餐椅　真的會忘記這裡是親子餐廳XD牆壁上這個很有特色的LOGO　好像就是老闆的兒子來著　Hi～現場光是看到他們桌椅的擺設　內心就已經的大大用力加分了因為一般親子餐廳好像都恨不得能再多塞個一百張桌椅進店裡搞到連要離開餐桌時都很怕包包去打到隔壁桌的人(我就被打到過..）　這間餐廳放棄了多賺幾桌的客人　為我們換得舒舒服服的一餐我想也只有真正懂得尊重客人的店家才會願意做出這樣的規劃～小Q媽發現在旁邊角落還有這麼一個簡單的白色玩具櫃　上面擺放了一些很適合小人可以在餐桌上把玩的玩具而且看起來都是不斐的玩具哩　老闆有下重本喔～!!!　再往前走的吧檯冰櫃裡有三樣看起來很好吃的蛋糕為了慰勞多日睡不飽的自己　今天一定要大吃大喝XD蛋糕下面還有壯觀的布丁軍團　呀～看起來也很不賴!!吧檯的旁邊是洗手間　老闆很貼心的把洗手台就做在外面而且還是一大一小的設計　讓小人自己就可以輕鬆洗到手以前都不覺得小洗手台有甚麼　當了媽媽才知道這有多方便　現在我們在外頭只要看到有小人洗手台　就好興奮～!!哈!噹啷～洗手間裡也有小人專屬馬桶耶!!!　縮小版實在超可愛的而且他們洗手間的燈是自動燈　門打開後就會自己亮燈～好好玩老闆說他們一樓還有個室外活動空間　看起來出口應該就在這裡是的～拉開落地窗的大門走出去　就發現這個意外的小空間雖然今天滴答滴地下著雨　但還好他們戶外有伸縮式的遮雨棚沿著木棧道往前走　哇～超酷　是一整片的大型黑板耶!!幸好還沒讓小Q妹看到這裡　否則可能整晚就黏在這裡了XDD;在黑板旁邊還擺了幾張椅子　應該是讓媽媽可以坐著顧小孩(金賀)今天從進門後空間的安排到設備的配置　都可以感受到這家餐廳的用心而且這份用心不只用在小人身上　也充分的將大人的需求也考量進去接下來因為我們還沒有要馬上用餐　所以老闆請我們上二樓沒想到他們連樓梯也很寬敞說～　而且兩邊都有扶手可以抓　二樓的環境整個也是走清新系耶～　不過好像多了點小文青補充一下　剛剛老闆安排位置前有先問我們要不要先用餐如果要先用餐就會建議我們坐一樓　吃完再上二樓遊戲室玩免得小人一看到遊戲室可能會瘋狂到食不下嚥呀～(老闆好專業）先來看看二樓的環境吧～　上來之後就會先看到這個書櫃　很開心上面不是擺一堆過期的育嬰雜誌　而是小人最愛的童書書櫃上面的童書雖然不算多　不過有不同語言可以選現場看到有原文的英文童書之外　還有日文跟中文的翻了幾本原文的童書　發現到老闆準備的都是以耐翻的厚紙書居多有幾本還是很有趣的翻翻書耶～　這些都是吸引小人坐定的好工具　中文的童書就是架上這些　雖然沒有說很多不過每一本都是大師之作　絕對的經典喔!!!然後書櫃最下層　還有4套不同系列的立體拼圖　老闆整個就是很懂小人心呀～連這種好物都傳好好對了～剛剛忘了說　上來二樓之後其實還多了這道安全門如果小孩大暴走時也才不容易滾下樓　比較安全喔!!!　而且這個拉門只能單向的開　例如要去一樓時就只能拉不能推然後沒想到二樓也有洗手間耶～　歐!!老闆真的是太貼心了啦而且二樓也是一大一小的親子馬桶座　不過這裡就沒有自動燈　在二樓的洗手間雖然沒有一樓的那種小人高度的迷你洗手台不過還好他們還是有考慮到小人的需求　多擺了一張增高小椅子旁邊角落還有這個給BABY用的換尿布台　(很大一個台子耶)雖然小Q妹現在出門不用包尿布了　但媽媽的職業病還是會不時上身總是忍不住地隨地偵查一下～哈哈!!　聽老闆說一樓還有一間哺乳室～哈哈～看到老闆掛上這幅奈良美智的經典小屁孩忍不住多看幾眼相信媽咪們應該也覺得很熟悉　因為小人使壞的表情就是這樣的啦～可以讓媽媽內建的火苗瞬間點燃　但同時又搞笑到掐住我們笑穴不放!!!　歐～耶!!!聽到有人在歡呼了　終於進入期待已久的遊戲室了在遊戲室門口還擺放了兩張小人椅跟小人鞋櫃　這點很棒～可以讓小人自主練習　而且人多時也才不會被門口鞋子絆倒這張是他們遊戲室的規則　跟很多遊戲室一樣都是限定六歲以下然後特別叮嚀麵包超人溜滑梯組有限重25公斤　五歲以下才ok還有每天下午17:00會進行內部清潔工作　17:20才重新開放喔!!好啦～馬上陪同我家小Q妹來探險　馬上就被這個吸住之前有在網路上看過這組　當下只能把口水擦乾XDDD沒想到在這裡看到本尊了!!　真的超級無敵之霹靂可愛的～剛好小Q妹最近對於可以爬上爬下的器材很有興趣還沒等媽媽開口　自己就馬上神速的攀爬上去～不過想起自己小時候　也是很熱衷於可以爬高高的器材哈哈～三歲小童來滑這個小滑梯　其實顯得有點兒的擠不過小Q妹倒是完全不覺得　還是滑的很怡然自得XD這個小鞦韆真的很棒　讓小人自己屁股一坐就可以上去而且盪起來也還蠻穩的　看的媽媽也很想盪看看呀～但就算把自己對半切還是超過25公斤　還是不能坐(哭）接下來　陪著小Q妹進擊到旁邊的迪士尼噗噗跟跳跳馬區這台迪士尼噗噗也是團購界的聖品來著～只能說老闆很識貨哈哈～不過這台小噗噗比較適合小小童　小Q妹有點太超齡了小人圈裡無人不曉的Rody跳跳馬　來嚕～!跳吧!!!　ㄟㄟㄟ～也跳的太快了　瞬間就連人帶馬的彈到鏡頭前讓人有一種在看3D電影的感覺　也還好小Q媽閃得快否則被一個騎著跳跳馬的小人給撞倒　那畫面也太好笑了XD遊戲室裡除了動態的玩具之外　也還有許多靜態的玩具像是這個比小Q妹還要高的大型芭比娃娃屋　霸氣十足!!這個娃娃屋不但有擬真的夢幻公主房　而且還有手動的電梯完全擄獲女孩的少女心　可惜還是女童的小Q妹整個無感飄走～去過很多兒童遊戲室　很少有店家會把最好的位置留給遊戲室但是這間親子餐廳　大器的把遊戲室規劃在光線最好的靠窗區域所以待在這個有著自然光源跟大視野的遊戲室　感覺真的很好～　媽媽讚嘆之餘　溜過來看一下小Q妹到底在敲甚麼東西歐～這個木製的敲敲滾球遊戲　看起來好像很有趣耶!這個遊戲是把塞在上面洞口的小木球　拿槌子用力地敲敲敲把小木球敲打進去　然後小木球就會沿著軌道一路滾到最下面看似簡單的遊戲　卻是培養小人自信心跟手眼協調的好工具而且滾動的球　不知為何就是對於小人有一種無法言喻的吸引力小Q妹也不例外　看著自己成功敲下的小木球滾動著就很滿足來到他們的遊戲室沒多久　就發現曝光度最高的就是～麵包超人其實這系列日本麵包超人玩具一直是媽媽們都想入手的夢幻名單像這組有著麵包超人大頭的鋼琴　雖然猛說日文但還是很好玩～　　阿～阿～阿～!!!!!這個超市收銀機組就是小Q媽差點下手的但最後因為怕帶回家會被小Q老父狂唸個半年以上而打消念頭今天來這裡就可以讓小Q妹一次把麵包超人玩具組給玩到飽～哇～沒想到不止有麵包超人　還有HAPE的下午茶木玩耶!!這些貴桑桑的高檔玩具今天都一網打竟嚕～超開心的啦　遊戲室的另一邊也有一張小人專用桌椅　來偷看一下小Q妹玩甚麼歐～賣～尬!!!!!這組也是小Q媽研究半天差點敗回家的玩具因為這組麵包店收銀機組不但很精緻　而且流程一點都不馬虎雖然一樣會不停的烙日文　但也是一款讓小人玩翻天的神器!!歐～我家的大力士Q不知道從角落扛了一箱甚麼東西出來原來他們還有提供一箱的LEGO DUPLO（老闆又下重手了）另外還有一箱軟質的泡棉積木　很適合比較小的小小孩～接下來更氣派的HAPE廚具組　出。現。了!!!!!!(尖叫～啊啊啊）現場不只有兩組不同造型的流理台　仔細看配件整個還超齊全的是不是～連這組白色的也是　打開抽屜一堆給西家有伴家家酒控的小人呀～　千萬別錯過這區喔!!!遊戲室裡的玩具也有一些是適合比較小的baby玩的像小Q妹玩的這組敲敲樂　玩法簡單又吸引baby目光連小Q妹都忍不住也拿來把玩一下　練練小手肌力還有這種大型的啟發性學習木玩　也是很棒的幼兒玩具這樣一套的價格也是讓人敗不下去　所以請小Q妹好好把握XD小Q媽很喜歡這間遊戲室裡還有提供玩具的收納層架比起其他家是隨性的把玩具散落在地上任小人們隨機挑選有清楚的層架　才有機會讓小人們也同時學到歸位的習慣而且遊戲室內周圍都有貼上安全的防撞泡綿安全性完全有follow到大型親子館的規格呀～尤其是很危險的柱子跟銳利的切角　也一樣有做安全處理像這樣有重視安全的店家　也才能讓爸媽安心的野放小人!!哈哈～被小Q妹找到她最喜歡的小球了　馬上呼喚媽媽來練球XD對於這家餐廳的兒童遊戲室　小Q媽給予很好的評價不只是因為他們這裡提供的都是很有品質的好玩具最重要的是店家提供了充分自主性的開放空間給小人們他們信任小人進入遊戲室前能夠自己脫鞋　並且擺放好也信任小人可以把自己玩完的玩具歸位　放回原本的架上而且少了柵欄的全開放式空間　也是一種對小人的信任～阿～不好意思喔!!　整個玩到差點忘記要跟老闆點餐了問過服務人員　原來這裡的低消規則是這樣子的～開門後到14:00是午餐時段　低消是大人$250+小人$10014:00到17:00是午茶時段　低消是大人$150+小人$10017:00到20:00是晚餐時段　低消是大人$250+小人$100＊假日有限時兩小時（但如果沒有其他客人在等是有彈性空間的）套餐的部分是介於$260到$320之間的價位然後加$60可以多一杯飲料(咖啡茶或是汽水）那如果加$120除了飲料　還有一份手工蛋糕p.s:所有餐點都另外有加一成的服務費喔～這家親子餐廳還有提供兒童餐 (適合1.5歲到6歲小人）一份兒童餐$220+10%　服務人員說還有分男生跟女生的餐具耶那如果小人不太餓　也可以參考他們的單點項目$30到$220之間菜單的背面是午茶的輕食系列　一套$250+10%內容包括一份三明治或鬆餅　再加任一杯飲料這樣畫面更清楚的菜單可以上他們的粉團看嚕（連結在這）迷死小人的冰雪奇緣也來嚕～　他們的兒童水杯好可愛喔!!紅酒燉牛肉$300+10%聽說這是他們的招牌菜之一　當然要點來吃看看附餐的部分可以選擇白飯或是附奶油抹醬的麵包對於親子餐廳的餐點　其實一向都不抱太多期望但真的很意外　他們的餐點真的是好吃得要命耶～牛肉燉的恰到入味　吃起來還有點甜甜的甘味在果然是招牌菜沒錯～　喜歡牛肉的朋友一定要點!!和風堂揚炸雞$280+10%這套也是經過服務人員推薦的熱門餐點之一果真不負眾望　立馬打敗許多親子餐廳的餐點這份炸到酥脆的新鮮雞肉塊　搭配清爽的高麗菜絲沙拉吃起來很滿足呀～!!!　是一套讓人愈吃愈開胃的精緻餐點而且份量也很ok　如果是媽媽跟小孩一起吃也蠻剛好的手做麵包含奶油抹醬$50+10%也是因為服務人員說　他們的手工麵包非常好吃忍不住order一份～　哈哈!!結果這個麵包好吃到忘記多拍照一個不小心就被小Q媽吃完　徒留小Q老父一臉的扼腕XDDD兒童餐(女生)$220+10%各位～這真的是我看過可愛指數最高的兒童餐了整套看起來配料超澎湃　加上這組吸睛度破表的餐具組嘖嘖～嘖!!這樣的餐點應該沒有小人能夠抗拒的了～兒童餐的主食可以選擇漢堡排或是蔬菜可樂餅因為小Q妹不愛可樂餅　所以幫她選了手工漢堡排一聽到有心愛的米妮兒童餐　小Q妹乖乖地主動離開遊戲區衝到洗手間說要用她最愛的小馬桶（上學後就愛上小馬桶XD）這小孩還會學大人照鏡子　這也是幼兒園學到的嗎XDD小Q妹一看到她的餐點　眼冒愛心的催媽媽趕快抱她上餐椅～哈哈這套超可愛的迪士尼米妮餐具　100%的打中小Q妹的芳心了!!而且店家使用的叉匙也是我們很愛用的EDISON米妮餐具組耶～　今天出門忘記幫她帶圍兜　所以只好出動人肉圍兜(小Q老父的手）小Q妹喝的是玉米濃湯　他們的濃湯比一般餐廳的濃湯還來的清淡些這樣的口味對於小人來說其實接受度會比較高　而且也會比較健康像小Q妹平時不愛吃肉　(媽媽小聲的偷偷說:其實我也不愛;;）這種漢堡排就很合她的胃口　而且吃起來的口感也是偏清淡的　　對於他們的兒童餐　小Q媽覺得還蠻值得點來吃的不像一般的兒童餐是比較不健康的炸物或是冷凍食品這裡的兒童餐吃得出來真的是為小人量身訂做的　很讚!!我家小鳥胃的小Q妹今天也很捧場說～　吃到媽媽都不用催乖乖自己吃飯的小Q妹　讓媽媽有機會好好品嘗一下附餐這杯是我的套餐另加$120的飲料～美式咖啡(單點$120+10%)咖啡口感上算是微酸～還不錯　加上這個經典的倒影杯更是加分呵呵～今天暫停減肥的小Q媽　選擇了手作布朗尼冰淇淋(單點$120+10%)濃郁又帶著苦甜的巧克力與清爽的香草冰淇淋之間好像真的有蹦出甚麼火花說～聽說這也是鎮店之寶來著　而小Q媽萬萬沒想到今天會在CHUCK LAND大開吃戒XD最後是多幫小Q妹點的手做起司蛋糕+餅乾$120+10%因為吃過口味太濃的起司蛋糕　所以一般到餐廳幾乎不點這個不過這個起司蛋糕吃起來是蛋糕味比較重　起司反而是點綴的我們母女倆都很喜歡　至於那餅乾被小Q妹秒殺掉～不知道啥滋味今晚這一頓　讓小Q媽對於親子餐廳的餐點又燃起了熊熊的熱情雖然真的不能再吃了(手掐著自己的腰間肉）但嘴巴整晚都停不住～先完食的小Q妹還好有童書伺候　所以乖乖的等著我們離開CHUCK LAND前再讓小Q妹進去遊戲室稍微溫存一下眼睛很大顆的小Q媽這時才發現遊戲室門口有也有店招說～今天是平日+下著小雨的寒流天　所以很幸運的被我們給包場了不過這對父女在遊戲室玩起傳球　實在是也太超過了XDDD最近開始上幼兒園的小Q妹　其實累積了不少的壓力今晚剛好就讓她好好地釋放一下　享受一下父女情!!下到一樓之後　老闆還好心的提醒要不要讓小Q妹出去畫畫哇～真的是揪甘心的店家　那就有請小Q妹上工嚕～大師請!!!嗯!!小人的藝術作品　其實是不容易領略的一種意境XDD這裡的大黑板真的做得很高很大　讓小Q妹可以隨心所欲的創作也不用受到身高的侷限　如果是一票小人也不用擔心會擠來擠去的～唯一美中不足的這區蚊子有點兒的多　如果能提供個防蚊設備更好店家對於小人們的喜好　可以說是摸的蠻透徹的呀～第一次能有這麼大張的畫布　小Q妹的微笑一直沒停連用板擦把自己畫的作品擦掉　也得意的很～哈哈!!庭院裡擺放了Rody跳跳馬、Road Flyer三輪車跟妞妞車結果小Q妹對於這台妞妞車是情有獨鍾　來回的扭個不停看起來似乎可以瘦腰　這樣小Q媽應該也來妞妞車一下XDDD總結一下～小Q媽覺得這家CHUCK LAND親子餐廳不僅僅是提供了一些遊樂設備最讓人滿意的地方是他們真的有看見家長的需求　也懂得小人的喜好提供了一個價格合理+小人喜歡+餐點好吃+服務熱忱的親子環境～!!!這麼棒的親子餐廳就在內湖文德站的CHUCK LAND Cafe親子餐廳!!（粉團）;;謝謝各位的收看;;離席前請別忘了到文章的開頭給個讚ㄛ小Q媽VERY VERY的3Q~U的拉 ; ;;;
<台北餐廳＞台大明達館 LivingOne。來吃美味的蟹堡～,親子育兒,10320,1,25,http://rechal63.pixnet.net/blog/post/49503100, ;原本要到自來水園區玩，無奈天空不作美，下起雨來。就轉往LivingOne 台大明達館吃早午餐。Last order 是十點，用餐時間則可到十一點。; ;LivingOne是食尚小玩家首選親子餐廳50的其中一家，空間就如照片所示，明亮高挑，非常有渡假飯店的fu～ ;圓柱形的建築搭配著挑高兩層的大片落地窗，讓室內顯得通透明亮，坐在任何位置都可以環視餐廳的每一個角落。 ;在點餐的同時，已經安奈好這兩隻小豬，拿出畫筆畫圖。 ;早餐選項不多，但樣樣是精選。點了主廚手工牛肉堡220；謝老闆私房美味蟹肉三明治220；水果玉米片佐台大秒殺鮮奶140。只見兩位服務生要幫忙點餐，送餐及結帳，似乎送餐的順序都錯了。先送上拖鞋麵包＝義大利喬巴達麵包送上來是熱呼呼的喔～一咬下去，熱氣由內竄出，滿口的小麥香又帶點嚼勁的口感，大人很喜歡。不過好像忘了附上奶油耶～週末早餐才供應的「謝老闆的私房美味蟹堡」上桌囉～生菜及洋蔥包覆著貨真價實的蟹肉，一咬下去雖然有辛辣感，但蟹腳肉及水果的甜味，帶出不同層次的美味。而三明治的外皮烤得恰到好處，不會太乾，軟硬適中。真的很好吃～～～小朋友的水果玉米片佐台大秒殺鮮奶，而這次是忘記送上鮮奶。沒騙大家，第一次帶出門吃早餐，很認真的吃完第一碗，又來第二碗～啊～玉米脆片家裡不是有？喂～老木～再多給我一點，不要給臭姐姐吃光啦～ ;;;;;這道也是海綿寶寶蟹堡王餐廳裡的「牛肉漢堡」手工麵包加上現煎牛肉，外脆內多汁。 ;;;週末的早晨似乎不多人～下次有來台大走走，不妨來個早午餐約會吧～誰是謝老闆？請看http://tw.myblog.yahoo.com/aaa0928142466/article?mid=3&amp;prev=4&amp;l=f&amp;fid=5;;地點：北市基隆路三段與長興街口（台灣大學明達館1樓）電話：（02）2364-9691時間：早餐07：30～11：00（限周末）、午餐11：30～14：00、下午茶14：00～17：00、晚餐17：30～21：00費用：每人低消一杯飲料／兒童餐220元、套餐280元起（均須加10%）刷卡：V、M、A網址：www.livingone.com.twGPS：N25度01分07.14秒／E121度32分39.41秒交通：公車／自來水處站；捷運／公館站停車：長興街路邊停車格（30元／小時，周一至六17：00後及周日不收費）；台大校園停車場（60元／小時）台大校友憑証：用餐九折；停車半價優惠。;;;;;;
[親子餐廳]舒適明亮又好玩的親子空間~*台中梨子咖啡-崇德店,親子育兒,5839,0,45,http://fion2009.pixnet.net/blog/post/40788784,在親子界頗負盛名的台中梨子咖啡館一直是帶小人吃飯玩樂的好地方可能也因為他們生意實在不錯吧，所以分店就給他一間一間地開下去之前Fion去過中科店，那時Lawrence跟姊姊們玩的超開心（（（請回顧---;假日趴趴照~*台中梨子咖啡所以囉~想說如果有機會一定也要再帶孩子去玩玩。而這次過年回娘家度假，照慣例要安排一天跟姊妹們來個媽寶聚會~這時有好吃餐點加上小人娛樂場所的梨子咖啡，便成了我們的最佳選擇！;;餐廳空間介紹梨子咖啡-崇德店，算是梨子的最新分店（去年才開幕的）齁齁，從外頭看粉大的一棟耶~~~不愧是旗鑑店的規模來著的啊！而這間梨子除了有一樣的招牌沙坑之外，室內還有兒童繪本室從戶外到室內，從動態到靜態，隨隨便便就可耗上一下午孩子玩的盡興，媽媽們也聊的痛快阿XDD;; ;戶外的沙坑區備有媽媽聊天專區！（（哈！就是還有蠻多椅子的啦~~孩子玩沙媽媽們可以在此就近監視順便聊天這樣的規劃整個貼心阿！;;走進梨子，馬上感受到一股溫馨氣息北歐簡約的清新風格，挑高﹑明亮的用餐空間更提共我們一個舒適且放鬆的氛圍;; ;舒適寬敞的候位區;也有伴手禮專賣 （（東西很精美哩~; ;一樓洗手間。有可愛的親子廁所﹑和童趣味十足的哺乳室~;;梨子總共有兩樓，走上樓梯中間的夾層歸劃了一間「兒童繪本室」;;進入繪本室不論大人或小孩都必須穿著襪子喔！如果剛好沒穿，這邊也有襪子的販賣~;處處有溫馨的擺設;; ;很棒的兒童繪本室有兒童專用的小桌子小椅子，十分可愛！;; ;不過，小朋友們好像不怎麼捧場整個繪本室空蕩蕩.....呵呵，想必大家都比較喜歡玩沙吧^^;;二樓的用餐區除了這邊的開放式大空間，另一區塊也有包廂室的房間，與戶外用餐區;; ;我們大大小小十來人被安排在中間的長桌 （拍這張照片時小餅兒一家還沒到：p而在點餐﹑等餐的同時，便是Ray的餵食時間每次吃飯就是要先搞定小的，接著才搞定大的，呼~當媽媽果然一刻不得閒阿~;;餐點部分梨子的餐點，種類眾多，飯類﹑義大利麵﹑火鍋﹑排餐﹑兒童餐應有盡有因為也不太便宜啦，所以口味上也都有一定的水準囉~這天我與Lawrence合吃一份義大利麵套餐而代替已開工無法同行Eric開車載我們來的Fion弟則是點牛小排飯 ;義大利麵附餐之 濃湯; ;義大利麵附餐之 沙拉與麵包;粉紅醬蘆筍鮮蝦義大利麵 380元;這麵好吃耶，整盤幾乎被Lawrence嗑光阿木我只吃剩下少少的幾條麵與蝦子......(正好減肥是吧;;;;炙香黑胡椒肩胛牛小排 390元;這份Fion弟的，點餐時我還勸他不要點三百多的牛排因為通常不會太優，結果硬要點~噗...果然吧，肉質有點不尋常....：p;; ;普羅旺斯番茄鍋 380元;吳老大的番茄鍋，梨子的火鍋評價還不差雖然肉有點少，但整起吃起來是讓人滿意低~~ （（是吧是吧XDD;香草海鮮青醬義大利麵 380元;餅老爸的麵兒~;看起來料多實在，應該也不錯吧 ^^;; ;海苔照燒嫩雞 320元;諾麻麻的雞肉飯，算是蠻適合跟孩子分食的一套餐點~ ^^;義大利麵附餐甜點- 奶酪;奶香濃郁，好吃！;; ;火鍋附餐甜點- 豆花;整組十分豐富，看起來超讚低！;遊戲時間大人小孩吃飽的吃飽，餵飽的餵飽接著今天重頭戲到來~~~大家趕緊到樓下沙坑活動活動筋骨吧！如果要玩沙（其實是小石頭） 記得自備玩沙工具喔!看到沙坑孩子們很快就玩開了~;這天的"都是男寶"因為老二蹦蹦奉雙親之命上學去，以致於形成五缺一的局面，出席人員如下~;老大：Lawrence; ;老三：小諾; ;老四：小餅;老五：ReRe; ;出席的四寶依個性可大致分為兩個派別 （（照片略可看出端倪~Lawrence與小餅一到沙坑便乖乖坐著，然後靜靜低開始玩沙而小諾與ReRe則是沒有一刻安靜的片刻進行大爆走與大爆動XDD;Lawrence與小餅意外的契合：p瞧~多和平的一個畫面阿（（不愧是溫和派XDD;; ;沒一會兒的時間，ReRe開始不安分了.....;滿地小石頭就是他的傑作....-_-"; ;不在坑裡玩，偏要在上面跑來跑去~;;  ;跑累了下來沙坑也名堂很多....竟然大把大把的抓沙然後往空中灑歐買尬.....還好是小石頭，不然是真沙還得了阿@@;; 為了讓這位先生冷靜一點，我帶他來旁邊的椅子稍作休息~順便拍個寫真，看他拍個照表情十足的模樣，只能說是嗨咖無誤！;;趁空檔練習獅吼功~;  ;呼~終於靜下來了...什麼原因？趁諾哥不注意，趕緊偷玩他的小汽車啦...：p;;後唷~真的是好皮的小寶貝阿;///;; ;;從少女~到人妻~到人母~不變的我們&amp;開心的聚會！;; ;也謝謝諾麻蹦麻送的小禮物^3^;;梨子咖啡（崇德店）地址：台中市北屯區崇德路三段1號﹝崇德路與松竹路口﹞; ;電話：(04)2249-0399;; 傳真：(04)2247-4584;;;更多生活五四三都在粉絲團喔！Fion的甜蜜城堡也可以宣傳你的粉絲專頁
<親子餐廳>滿足大人們的胃，擄獲小孩們的心@新竹竹北*小p孩親子餐館,親子育兒,34460,0,54,http://anitading2009.pixnet.net/blog/post/59781658-%3c%e8%a6%aa%e5%ad%90%e9%a4%90%e5%bb%b3%3e%e6%bb%bf%e8%b6%b3%e5%a4%a7%e4%ba%ba%e5%80%91%e7%9a%84%e8%83%83%ef%bc%8c%e6%93%84%e7%8d%b2%e5%b0%8f%e5%ad%a9%e5%80%91%e7%9a%84%e5%bf%83%40,2015.01.15拍攝於新竹竹北的小p孩親子餐館很高興竹北又新開一間親子餐廳-「小P孩親子餐館」，代表了小孩們又多了一個玩樂的好地方。其實早在去年12月初，就有朋友傳訊息說我們竹北近期要開一間親子餐廳，有上FB看餐廳的照片，裡面竟然有可以玩沙的地方，真是太心動了！後來有鄰居在餐廳今年元旦開幕後不久，也帶著寶貝去體驗，馬上和我們連線說餐點好吃。室內可以玩沙，餐點又好吃，當然一定要去瞧一瞧。但一定要先提前預約，以免遇到訂位已滿的窘境。由於店家每日下午3點&sim;4點是固定清潔消毒時間。並告知我們用餐和遊戲時間各是2小時（好像也可以只單買門票純玩遊戲區）。因此我們預約平日下午1&sim;3點用餐，早上11點&sim;下午1點遊戲。當天我們從新竹高鐵站坐接駁車到家樂福，再步行約3分鐘至光明六街和縣政九路的交叉左轉巷口裡。「小P孩親子餐館」位於商辦大樓的三樓，可以搭乘大樓附設的電梯上樓。電梯一開門，就可以看見餐廳的售票櫃台在正對面。而電梯一旁則是設置鞋櫃，進門前要先將大人小孩的鞋子放入鞋櫃裡。接著櫃台人員會主動替我們量體溫和噴酒精乾洗手，並告知我們門票收費的規定，餐費是另計。收費說明公告在櫃台處的牆壁上，遊戲時間以2小時為單位計費(超時需加價)，若是120cm以上及大人任意消費一份飲料或餐點即可(不計門票費用)。有用餐的話，店家以用餐2小時後才計算遊戲時間，如果用餐2小時內，小朋友跑去遊戲區玩也可以，無強制規定，但餐桌座位只保留到預訂的兩個小時為止。所以這樣聽起來，小朋友遊戲時間似乎是可以玩超過兩個小時耶!好像很不錯哩!平日的早上就聽見櫃台電話聲不絕於耳，甫開幕就接到許多家長的訂位熱線。親子遊戲區位於櫃檯的後方，開放式的空間和充足的採光，讓整間遊戲區都明亮起來了。遊戲區分成動態和靜態活動兩大區域，其中動態區域有可以發揮幼兒無限想像力的玩沙區、訓練幼兒手眼協調的積木疊疊樂組合區，以及體驗開跑車樂趣的專用車道區，光是看見前面的動態遊戲區域，就非常吸引小孩們的目光，激起小孩的玩心大發。櫃檯前有分隔的置物櫃，只要上面有插著鑰匙的櫃子都可以使用，置物櫃下方有提供家長娃娃車泊車的地方。走過去置物櫃的旁邊就是用餐座位區，座位區全是木製桌椅，地板也是採用木質地板。牆壁的裝飾用的是淡雅居家風格的花紋壁紙，整體感覺素雅簡單，有如家舒適之感。看見每張桌位都有擺放兒童椅，應該是都被客人預訂了，沒想到平日就這麼的搶手。由於Q比在推車上睡起回籠覺，所以我就跟服務人員說我把用餐和遊戲時間對調，改成11點用餐，下午1點進遊戲區，可能有預約用餐的關係，所以其實這樣的彈性調整是OK的。服務人員會主動幫你點餐，態度很親切有禮。菜單上大人的主餐以"義大利麵"和"燉飯"為主，小孩也有專屬的兒童餐和寶寶粥，而且兒童餐的菜色不是一般既有對兒童餐都是炸雞塊、薯條的印象，而是和大人一樣是吃正餐，我猜可能調味上會更清淡一些。飲料方面，還滿多種選擇，但建議店家可以再增加"新鮮果汁"，以適合小孩來飲用。我點的是田園南瓜蔬果燉飯(蛋奶素)再多加120元升級成全套餐，想說Q比可以和我一起分著吃，不用另外再點兒童餐，怕分量太多吃不完。服務人員會幫你主動做結帳動作(可能是那時候用餐的人還沒很多吧!)，會一起連同遊戲票都算入消費金額內，不收服務費和清潔費。餐桌上都已經放好兒童餐具(餐碗可請服務人員拿來)和水瓶。由於我點的是多120元升級成全套餐，主餐外有多了餐前麵包、開胃沙拉、主廚濃湯、附餐飲料和飯後甜點。今天的麵包是草莓果醬麵包，草莓醬不會太甜，麵包口感鬆軟適中。開胃沙拉是新鮮蔬菜加上美乃滋醬，因為我本身沒有很愛吃生菜沙拉，所以就對這道沒什麼感覺。而濃湯喝起來像蘑菇奶油濃湯，不難喝且喝完後有點飽足感了。飲料我點的是去冰無糖鮮奶茶，糖度可做客製化調整(紅茶、綠茶也是)。主餐是現點現做，所以當我將前面的餐點嗑完後，肚子已經有些飽意。結果一看見，我的田園南瓜蔬果燉飯一上桌，其份量之多讓我有點驚呼不已啊!原以為親子餐廳的主餐份量都是做剛好一人份(真的是一個女性大人的分量，不多不少)，然而這家給得毫不手軟，光是看外觀就有將盤子的空間給填滿，我還多留近2/3的飯量給Q比吃。更讚的是南瓜田園燉飯，香氣逼人，唇齒留香。給的蔬菜種類很多，有扁豆、蕃茄、蘆筍、蘑菇、青花菜、洋蔥和南瓜等。吃到有顆粒的南瓜，南瓜味濃厚，口味是大人小孩都喜愛的，不會過於太鹹膩或清淡無味。很不錯的南瓜燉飯，已可媲美外面專賣義大利麵飯的餐館。睡了一個多小時的Q比起床了，一見到她餐碗中的燉飯，就直說要嘛嘛。;現在的Q比幾乎可以自己獨力完成吃飯這件事，不太需要旁邊大人的協助，我的女兒真的長大了，忍不住給她一個大大的讚。而餐廳的燉飯非常對Q比的胃口，她一人完食餐碗的飯，並且吃得津津有味。最後的甜點上桌了，當下看到以為是草莓鮮奶酪，結果吃下去才發現竟然是意想不到的"洛神花醬"。洛神花醬也太濃郁厚重了吧！單純吃奶酪也很好吃，綿密的口感，有鮮奶的提味，令人一口接著一口，我和Q比忍不住一下子就將奶酪合力吃完。Q比全部吃完才下去遊戲區玩，又讓媽媽我感動了一下(不知是否是因為我懷孕的關係，很容易情緒化)。因為遊戲區是採開放式，可以方便大人觀看小孩遊戲的情形，而小孩因沒有視線上的阻隔，所以也可以看見自己的爸媽位於何處。這樣的設計不僅讓大人放心，小孩也在足夠的安全感下玩得開心。在座位區的入口處旁，有間party room(如箭頭處所指)，主要是提供客人聚會活動或是包場使用。Party room的空間屬於狹長型，除了有用餐座位區外，還特別設計了有著城堡門面的小小遊戲室，我想這應該適合一歲前小朋友來使用的。沿著party room走過來就是獨立空間的閱讀區，這裡像是兒童的小書房，書櫃和牆面上充滿童趣的壁貼；地上有著彩色的軟墊、可愛動物馬卡龍的造型座椅。書櫃符合幼兒容易拿取的高度，而書籍內容有0~6歲年齡範圍可閱讀的書籍，只是書籍種類和數量並不多，我想之後應該會慢慢添加吧!書籍內容有教導良好生活習慣、生活常是認知和故事繪本等，種類有布書、互動遊戲書和操作書。好動活潑的Q比，有時也會靜下心來閱讀她喜歡看的書籍。閱讀區的隔壁是小寶寶玩耍爬行區，櫃子裡有操作益智類玩具，角落處有促進前庭平衡感的爬行/行走彩墊。有木質玩(教)具、知名品牌的軟積木玩具以及可愛的麵包超人玩具。Q比滿喜歡玩和平衡感有關的遊戲，上次也在新板托育中心的體能探索館，大玩Gymboree的斜坡式軟墊(回顧:;無料好物分享;空間寬敞明亮，還有附設體能館的幼兒探索天地@新北市ღ新板公共托育中心;)現在的親子餐廳絕對少不了美美的廚房(廚具)系列組的玩具，看看這邊整整一排裝備齊全的各式廚房，等著小朋友們來體驗當小廚師和小廚娘買菜下廚的樂趣。這區深受兩歲以上小朋友的喜愛，每個人都駐足在負責的廚房許久，忙進忙出的樣子看得出平常有在觀察爸媽們下廚的情形，很有那麼一回事兒。店家選用媽寶界火紅的日本Mother Garden廚具組，草莓圖樣及細節造型都好討人喜歡喔!還有麵包超人超市玩具組來應援，令人不得不注意到它的存在。麵包超人收銀機和小巧可愛的麵包店告訴Q比麵包超人收銀機的用途，她馬上學起超市的阿姨進行"逼逼"刷條碼的動作。在汽車跑道區外圍還有放置一整排麵包超人和它好朋友的玩偶麵包超人們正一起上桌來享用Q比為他們準備好的美味下午茶靠近廚具組有一小區是"麵包超人"玩具專區，有麵包超人小火車(可惜在出場第二天就玩壞，店家說過不久會再進新品來替換)、電子大樂隊、搖搖麵包超人和迷你廚房流理台等玩具。電子大樂隊有附設麥克風，Q比一拿到麥克風就盡情忘我地進入她的歌唱世界裡。雖然Q比才1Y10M，但坐在搖搖麵包超人的身上，感覺有點擁擠耶~超級卡哇伊的麵包超人組Q比這區玩得差不多，就說要去玩沙沙。沙坑的沙是用乾淨無毒的決明子，不會沾黏全身，很好清理。玩沙工具很多，不用擔心沒東西可玩，而且還有一個我沒看過的玩沙工具-仿怪手的操作挖沙玩具，非常的特別耶! 只是Q比身高不夠，常常一坐上就溜下來，還是等她長大點再來操作怪手吧!Q比最喜歡玩沙了! 沙坑應該是所有遊戲區待最久的地方，玩得不亦樂乎。餐廳遊戲區還有很令人矚目的地方是可以在室內開跑車，看到別的小朋友很開心的享受自駕的快感(或是被大人在後面遙控的乘車體驗)，我不時的問Q比要不要去開車車，她一直搖頭說不要。直到沒有人在開車且等大家都離開車道時，她小妮子才主動說要坐車車，真搞不懂她在想什麼@@。(下圖是店內現有的兩台跑車，現在小孩的電動車實在是有夠高級的啦!)小帥哥乘坐高級跑車裡，正巡場目視著其他小朋友的玩樂情形。沙坑區旁邊有由立體組合積木及如大型雪花片的巧拼搭建而成的城堡和房屋，就像是小孩們的秘密基地，可以在這裡進行探索或是玩躲貓貓。最後要離去前，我帶Q比去洗手間洗手。進洗手間前，有提供室內拖鞋部分，大家就不用穿著襪子直接踩進去。洗手台有小椅子，可以讓小朋友站在上面方便讓他們洗手。洗手間旁有間哺乳室，有提供尿布檯，同時也附設哺乳及餵奶的專用舒適靠枕和沙發，很符合親子餐廳該有的友善設施。;;Q比媽帶Q比來竹北可室內玩沙的親子餐廳之心得:全職媽媽在家裡帶小孩，待久了也會悶得發慌。若能提供一個讓媽媽們放輕鬆，可以好好吃頓飯，不受小孩的干擾。而小孩們自己也能玩得很開心，那麼親子餐廳絕對是心中的首選。很不錯的是，離家不遠處（坐公車可到達）就有間餐飲可以滿足大人的胃，和擄獲小孩們的心。我想這間是我近期內會再度二訪的親子餐廳-「小p孩親子餐館」。;欲知更多有關【小p孩親子餐館】的消息，可前往小p孩親子餐館的FB專頁查詢(點我);【小p孩親子餐館】★營業時間:;早上10點~晚上9點 (每周一固定公休)★供餐時間: 早上11點~晚上8點★地址：竹北市縣政九路159號三樓(華南銀行樓上，旁邊有電梯可以直接推娃娃車上樓)★電話：03-6570088★最低消費 :;門票-;小孩0~7個月免費入場、7個月~2歲150元、; ; ; ; ; ; ; ; ; ; ; ; ; ; ; ; ; ;2歲~120cm以上350元。120cm以上及大人任意消費一份飲料或餐點即可，餐費另計。★其他資訊 : 有免費wifi、哺乳室、party room。縣政九路與光明六路交叉口有嘟嘟好停車場、可搭乘竹北市民免費公車或高鐵接駁車5900坐到家樂福站。;❤;如果喜歡Q比的生活日記(Q比媽生活札記)就幫我按讚一下唷!!;;;; ; ; ; ; ; ; ; ; ; ;❤;感謝你的鼓勵Q比的生活日記;文章來源出處:http://anitading2009.pixnet.net/blog;;
[花蓮]老宅裡的童話閱讀世界～Alice café Book親子餐廳,親子育兒,4736,5,37,http://yoyoman822.pixnet.net/blog/post/60807616,;;;一直以來很喜歡帶孩子探訪不同風格的親子餐廳，來到花蓮，原本以為應該很難找到親子餐廳，沒想到意外發現了這一間，位於好山好水的花蓮，連經營方式都有別於其他縣市，是很難得一見的親子餐廳。時間：104.5.15(五)Alice caf&eacute; Book親子餐廳外觀看起來宛如一般庭園餐廳，老舊的屋子外，有著簡約的庭園設計，在花草、小徑的簇擁下，獨樹一格於巷內。;;推開大門，有一大面設計別緻的木頭櫃，鑰匙好特別！;;;;脫了鞋放進櫃子後，店員帶我們來到最靠近門口的座位。wow！有一隻火紅的大龍環繞，還有胡桃鉗呢！;;;;座位背後有書籍可供取閱，非常方便。;;還有創作設計的明信片展示，;;以及有機食材販售。;;菜單只有一張，餐點非常簡單，有點心、吐司、輕食、套餐及飲品。;;點餐完畢，開始參觀XD在我們座位區對面的櫃檯，帶著日式風格的設計，;;上面有很多可愛的小擺飾，有的提供販售，喜歡都可以帶回家唷！;;再往裡面走，左手邊有一大面魚缸，相當引人注目;;走到盡頭，有個「薇琪故事屋」，每星期六會有故事PARTY，星期日則有WOW娃故事時間，付費即可參加。平日這裡是兒童遊戲室。;;玩具雖然不多，不過數量剛剛好，類型也應有盡有。;;;;YO開玩了，什麼都拿起來試試看！;;;;不過，最喜歡的還是組合式積木。;;;;走出故事屋，走到另一邊有販售最新的繪本;;以及「寧靜閱讀區」，這裡是用餐及閱讀的好所在。;;;;裡面竟然藏有一個好美又充滿童趣的閱讀空間，有好多主題繪本供孩子取閱。;;;;還有外文的喔！;;愛看書的YO一拿起書本，坐下來就是好一段時間。;;;;除了繪本以外，還有好多組拼圖可以玩呢！;;而外面的用餐區，一樣有很多書本，每個座位都是讓人放鬆的角落，一邊用餐一邊閱讀，好愜意的時光！;;洗手間裡，特別設置尿布台，小小孩來也很方便。;;餐點來囉！我們點的是「墨西哥雞肉捲餅」以及「火腿蛋炒飯」。捲餅套餐含有主餐、甜點、水果及沙拉，非常豐盛，吃起來很爽口，味道很棒！;;YO的蛋炒飯也很好吃唷！;;因為座位太高，不方便在桌上吃飯，YO靈機一動轉至隔壁窗邊用餐，哈哈，這樣就方便多了！;;天氣炎熱，我們還點了一杯芒果冰沙，不過味道有些淡薄，有點太水，稍微可惜了一些。;;用餐完畢，小小參觀一下外面的庭園造景，發現是很好拍寫真的地方，小模特兒扭腰擺臀的，讓我們哈哈大笑！;;把拔提醒：「你知道玻璃的另一邊有很多人在看你嗎？」沒想到他跳得更起勁了，到底是去哪學的姿勢呀XD;;很少去以繪本為主題的親子餐廳，這次來花蓮反倒大開了眼界，小小的餐廳卻藏著不一樣的格局，提供愛閱讀的親子一個休閒的好去處，很棒的地方，希望可以持續經營下去，造福花蓮的孩子們^^;;◎Alice caf&eacute; Book親子餐廳哪裡找？․Add：花蓮市大同街87號․電話：（03）833-7706․營業時間：週二～週日11:00～18:00（週一公休）※11:00～18:00 供餐時間，提供簡餐、輕食和飲品點心。18:00～20:00 寧靜閱讀時間，僅供飲品及點心。․粉絲頁：https://www.facebook.com/AliceCafeBook․備註：每人最低消費100元假日僅供2小時用餐時間遊戲室開放時間為11:00～18:00;;以上By諧星也有愛閱讀的我家就是的YO麻
花蓮：Alice Café Book，親子下午茶好極佳處。,親子育兒,9804,47,41,http://wenkaiin.pixnet.net/blog/post/50320668, ;;說真的花蓮要找到親子餐廳真的不簡單～這一家離邱言言阿太家走路不用３分鐘的「Alice Caf&eacute; Book」，我觀望好久！終於，我覺得邱言言差不多大了，可以去試試。;; ;;這間老房子其實之前就是很有味道的餐廳！我查了一下是一位李醫師接手了這家店，想打造孩子的天堂&hellip;&hellip;原本是想開一間繪本書局，所以我覺得這邊的繪本特別豐富～我一走進去就眼睛一亮。;; ;;李醫師把老房子分成咖啡廳、繪本區跟遊戲區～我覺得不管是親子來或是三五好友聚會都是很棒的地方。;;;; ;;我加入「Alice Caf&eacute; Book」粉絲團一陣子了！發現假日有時還會有說故事的活動～我想等邱言言再大一點，就可以去聽故事。; ;;這邊的消費也很特別！其實是可以不用點餐收少少的設施費就ｏｋ～若有點餐就可以折抵第１個小時的設施費&hellip;&hellip;竟然來吃下午茶，我們就點了份巧克力鬆餅！邱言言本人很喜歡喔！吃的超開心的，這應該是邱言言第一次吃鬆餅吧？噗;;;;;;;;;; ;;這邊遊戲空間的玩具其實比較沒那麼動態～但相對就安全很多！我覺得滿多玩具都很用心的挑&hellip;&hellip;就拿這個媽媽界很紅的鬃毛積木來說，這邊也有喔。;;;;;; ;;還有邱言言喜歡的車車這邊也有喔！我覺得空間雖然不大，但已經滿不錯的在規劃了～;; ;;另外繪本區我非常喜歡明亮的設計！我仔細看了一下書，我覺得都是挑過的～適合孩子閱讀的年齡層其實滿廣的&hellip;&hellip;小小孩愛的互動式繪本這邊也都有，大孩子愛的繪本這也很多喔！絕不是放幾本就說是繪本區那種店。;;;; ;;說到繪本區，我們在這一個下午都沒有其他孩子到繪本區&hellip;&hellip;說真的這一點我滿佩服邱言言的！他自己在繪本區看書的時間比去遊戲區跟我們用餐的座位多很多～邱言言當天就是跑來吃一下東西，再去看繪本～繪本區每一個位子都換坐過，也沒孩子跟他搶！噗（玩具區邱言言就很常被搶！＠＠）;;;;;; ;;;我發現邱言言好愛這本「皮皮貓：我愛我的白布鞋」他好幾次都自己指定要拿這本看～然後自己看了哈哈大笑說「貓咪穿鞋鞋耶！」噗; ;;下面這張是邱言言很興奮的要跟拍照的老母分享～「有好多球球喔！」哈哈; ;;基本上我非常喜歡這間Alice Caf&eacute; Book，這邊一進門就會脫鞋子，場地非常的乾淨！而且整個空間我覺得非常的放鬆，不管是孩子跟大人都能輕鬆面對的環境。遊戲區雖然不大但應有盡有，少了一些運動型的玩具但多了一些安全；繪本區是我最最最喜歡的一處，我想邱言言應該也是吧？; ;;我真的很喜歡看邱言言認真看書的樣子，邱言言的老爸這次沒跟我去，我跟他報告了邱言言一個人在繪本區看書的狀況，邱言言的老爸非常開心！他好像只關心邱言言喜不喜歡閱讀？？＠＠; ;;;Alice Caf&eacute; Book地址：花蓮市大同街87號電話：03-833-7706營業時間：11:00-18:00粉絲團：http://www.facebook.com/AliceCafeBook
│台北。東湖│吧哪娜BANANA親子餐廳。隱藏巷弄孩子的快樂天堂,親子育兒,7479,5,41,http://yujuan162.pixnet.net/blog/post/184714908,週末第一天，在家其實頭上很冒火老娘透清早起床開始馬不停蹄忙東忙西，進廚房煮到一身汗結果從洗衣、煮飯、洗碗、忙小隻&hellip;趴啦趴啦！我家兩個男人從頭到尾電視、手機不離身如此悠哉納涼日子過很爽的畫面，整個覺得和已濕背的老母成了強烈對比最後還給我糾糾進房～老娘曬完衣服回來&hellip;一開門就是一人一台電腦！早上10點-下午3點，電視&mdash;;手機&mdash;;電腦！對平常不愛讓孩子碰3C的我，內心怒火已激到最高點&hellip;&hellip;男人！！自己看著辦&hellip;不要等到老母出拳才懂得收斂（瞪）深覺如果今天一直這種症頭壞情緒再苦蹲在家，一定會家庭失和這樣然後腦袋突然閃過原本要之前帶小維哥去的親子餐廳「吧哪娜BANANA」拿起名片，速速卡電喂&hellip;我需要出門呼吸自由的空氣！結果竟然還真的給我卡到位了～唷呼！;提到了親子餐廳最不能少的就是兒童遊戲空間;位在東湖國小旁巷弄，搭程捷運文湖線-東湖站步行約10分鐘的腳程 「吧哪娜BANANA」若是開車前往可直接停在東湖國小地下停車場非常方便從去年10月試營運至今每每到了用餐時間一定是場場大爆滿，沒提前預約只能在門口坐乾板凳日頭曬昏頭&middot;&middot;＠＠「吧哪娜BANANA」主要是以義大利麵、排餐&hellip;為主的的親子餐廳位在巷內三角窗位置，非常醒目好找，擁有超過20坪的獨立遊戲空間今天的目的～就是想讓小維哥耗盡在家爆走的體力然後老母想一個人放空&hellip;腦袋空～空～（（敲木魚&hellip;在入口處設有無障礙坡道方便推嬰兒車時上下使用只不過個人覺得有點偏抖～雖然餐廳是位在巷弄，但車子進出非常多無論推小人推車或是孩子自己行走，下坡時一定要特別留意速度丫&hellip;上了平台後，右側有個露天&hellip;但曬不到太陽的小沙池在炎夏想帶孩子玩沙，除了到海邊&hellip;此刻又多了一個選擇囉！這裡的沙池是顆粒較大的小砂石，不易沾黏&hellip;店家還貼心附上挖沙給Ｃ當然淨身用的洗腳區也幫大家設想好了！之前經隔壁麻介紹，曾來過一次&hellip;但沒提前預約只好下次再見讓滿心期待的小維哥好失落！這次巧不巧剛好就給我們預約上了～～「吧哪娜BANANA」美其名店內裝潢也都有芭蕉樹的裝飾;滿牆盡是繽紛畫作和感覺非常適合放潮T上的圖像，吸引孩子目光;共分設兩層樓： 1樓用餐區+B1遊戲區1樓用餐區～整體裝潢帶點美式鄉村風，柔美卻繽紛的色調非常舒適在兩側牆上有B1遊戲區60吋錄影監控顯示螢幕;大人可以在樓上用餐和姐妹聊八卦講男人壞話，還能同時掌握孩子的遊戲情況但如有小寶寶，建議還是大人一起陪同比較安全唷！（（（這環境怎麼覺得應該要包場看一場世足賽、喝個必魯點幾道下酒菜之類的）））媽媽是有多想買醉？！？！; ;無論是家聚，或是慶生都挺合適的&hellip;;;;;;現在的 「吧哪娜BANANA」和之前不太一樣的是合室區的前身是給2歲以下小寶寶爬行的遊戲空間; 店內還附上桌遊，疊疊樂、彈珠走迷宮&hellip;整個連大人都照顧到了&hellip;;洗手間規畫了小人洗手平台除此之外，還有尿布台和哺乳室哦！不過媽媽我出門在外，很少窩進哺乳室&hellip;都嘛一條哺乳巾走天下&hellip;迷你寶暢飲不設限有別於一般親子餐廳～這裡還有為很容易打翻水的孩子所準備的專用水杯&hellip;（果然明智迷你寶從吃副食品開始，我就讓他練習喝水～尤其在這炎炎夏日，補充水份真的很重要在食慾不佳時，適時的給水～可以讓副食品吃得更順口哦初期在適應階段其實多半都是咬開心～喝不到半滴水&hellip;但之後水杯拿習慣～每次小吸到一口水媽媽鷺吝給予的讚美聲~~~會讓孩子有意想不到的突飛猛進現在無論是吸管～或是直接水杯飲用都難不倒他了！ （（（愛的拍拍手鼓勵可愛的是餐墊紙竟給了小遊戲，設計了兩款迷宮跟連連看！！讓孩子練習專注力之餘更增添了用餐樂趣，真的好用心呀！【特級牛肉燴飯／NT$ 295】 之前的菜單有焗烤系列&hellip;但本季新菜單以義大利麵和燴飯為主&hellip;這道帶有黑胡椒調味，所以有些微偏辣哦！單點單價 280～360元，以份量來說&hellip;對我這巨人胃是有點少了些&hellip;可再加價升級套餐！美味度算是親子餐廳裡還不錯吃哦！; 【日式咖哩豬排／NT$ 295】 豬排厚薄度剛好，每天廚房現點現炸～外酥內嫩&hellip;好啾C！！當天用餐不少人點這道&hellip;想必也是一道熱門ＴＯＰ餐【黃金波浪薯條／NT 110】; 這一道端上來我真的有嚇到～份量多到驚人&hellip;超大一鍋2大1小吃完應該會變〞痘〞花家族&hellip;所以如果要點這道～建議還是多人一起分食比較適合&hellip;; 【飄浮冰咖啡／NT 140】 這畫面多幸福丫&hellip;（（（明明出門前還被這三個男人氣個半死&hellip; 不過話說回來，老北出門在外，奶爸工作是真的當得很稱職才能讓老母走到哪～拍到哪&hellip;一篇篇的親子文就是這樣生出來的！但在家就真的&hellip;還有很多進步空間！(((抽鞭&hellip;&hellip;我懂得男人外出工作的忙碌和返家後想放鬆的心情但全年無休的全職媽媽～什麼時候才能獲得自由&hellip;肩膀好沈重！ （（50肩&hellip;迷你寶人小志氣高？NONO~~~是人小嗓門無敵大才對&hellip;最近真的是自己粥都不愛～獨鐘大人手上那一碗&hellip;愛吃白米飯啦！前天才煮了宅媽DIY〞地瓜麵疙答〞，老北還問有沒有多的可以讓他加到綠豆湯自以為是在吃地瓜圓就對了～這麼捧場！反倒是迷你寶～媽媽煮了一小碗&hellip;他只吃了3坨第一次試做形狀有點招經～改天研究好如何塑形&hellip;再來分享小人食譜給大家嘿！只是大人食物不給吃還給我上演高分貝〞獅吼功〞&hellip;MY GOD！明明我和老都是秀氣派的（自己講這樣對嗎？）～卻生出兩隻大嗓門@@&rdquo;這面這張是一手芭樂一手鳳梨&hellip;呷促咪！B1遊戲區，充滿童趣的梯間‥;吧哪娜BANANA遊戲區是FRO用餐的小客人使用哦！占地約20坪～還有安全門，入內都需內著襪子一走進遊戲間右側的Disney wall～讓小維哥面壁站了好久～;女孩兒最愛的扮家家酒系列＊ little tickes廚具當然小男生也是可以當丫基師啦&hellip;RODY跳跳馬、小車、積木、故事書&hellip;具早教功能的玩具種類選擇非常多元另一側的池也是常常讓小孩HIGH翻，但前不久上粉絲團看到一則新公告：「根據 〞各行業附設兒童遊樂設施安全管理規範〞滑梯與球池 不可在同一空間？」蝦灰？！在球池裡不就是要讓孩子享受滑梯溜下被彩球包圍的速度感嗎？那～那～那坊間一推滑梯＋球池的遊戲室&hellip;叫大家該如何是好？滑梯、球池～以後真的王不見王？！？！;小維哥的力氣好驚人～竟然抱得到9公斤的迷你寶，然後移身約10公尺距離老母在旁可是看得心驚驚吶&hellip;但迷你寶的臉上卻看不到任何一絲的恐懼難道對哥哥〞有愛〞行為已習以為常？;;是說大家有發現下圖這張哪裡不一樣嗎？嗯哼‥; PIZZA是哪招？！（（老北說找不到遊戲圓板&hellip;先用PIZZA代替這樣哥哥真的很愛這樣熊抱&hellip;;;&rdquo;把迷你寶放在池盡頭&hellip;想到出口&hellip;必須靠自己努力！加油！孩子&hellip;越爬越聰明^^推薦給大家哦！;;原文連結：http://yujuan162.pixnet.net/blog/post/184714908/;;吧哪娜BANANA親子餐廳地址：台北市內湖區東湖路119巷8號電話：(02) 2632-0107營業時間：11:00-20:30(六日10:30-21:30);;
【台中 西區 親子餐廳】棒恰恰親子歡樂餐廳,親子育兒,34897,8,73,http://plumtywewe.pixnet.net/blog/post/46914058,才開幕三個多月的棒恰恰在網路上已經是台中有名的親子餐廳了！！！老實說環境新穎、餐點價錢也不至於太昂貴是很多媽媽都願意來消費的主因;這一天應朋友的邀請來幫朋友～朋友的孩子慶生剛好也已經聞名很久了所以整個就是很期待　先來看看餐廳裡的概況有沙發區、也有比較適合人少的圓桌區沙發區的視野很棒但是我個人覺得好像比較適合多人的聚餐;如果大人選擇坐沙發區那們小孩的餐椅就得放置在走道上（下圖左下角）圍繞著餐廳的四周有許多玩具和可愛的東西吸引大朋友、小小孩的的目光連大人都忍不住多看了幾眼這幾台車對於新新而言就是一大吸引一進入餐廳看到它們就一直喊著＂叭叭＂還好我一直忍住沒有讓新新坐要不然有了一回～下次要再拒絕就是一件很困難的事情了！！！這裡有一區很寬敞的才藝教室不過我來了兩次都沒有看到有活動我猜大概是假日才會舉辦吧才藝教室旁有整排超級可愛的小孩桌椅當時好想跑去問服務員～這些都是在那裡買的啊？！真想買一組回家～一般的親子餐廳很少會看到＂兒童梳化區＂居然還附有好幾隻吹風機大概是要讓父母幫玩到汗流浹背的孩童使用的想要立即把汗濕的衣服換下來但是又沒準備備用的衣服嗎？？？別擔心～～餐廳早就想到要賺這種錢了　旁邊的哈哈鏡也很有趣～我想大朋友應該會很喜歡！！餐廳的另外一區是像湯姆熊的小型遊樂場這裡是比較適合大一點的孩子或是無聊的父母可以打發時間的用餐的時間到了～來介紹一下我們點的雙人商業午餐（週一～週五 11:00~14:30）主餐的部分有沙拉、pizza、法士達、烤餅、義大利麵等等但是為了配合新新只能選擇義大利麵另外還可以搭配薯條、沙拉、濃湯三選二飲料的部分可選二杯～除了特殊幾種～例如蘋果汁、柳橙汁、熱可可、、、其他幾乎都是可以免費續杯的！！！另外雖然菜單上有顯示要低消（大人＄３５０／兒童＄１５０／身高１００ＣＭ以下免低消／１４０ＣＭ以上以大人計）但是我問過服務人員像我們這樣點雙人商業午餐的部分可以不用理會低消的問題！！ＰＳ：雙人商業午餐的價格是依選擇主餐不同而有所不同例如主餐選義大利麵～這樣雙人的用餐價格就是＄４９０元主餐選擇沙拉、pizza、法士達、烤餅也分別有不同的價位（＄４９０～＄６９０）【奶油培根蛋黃細扁麵】這樣一盤是兩個大人的份量喔味道很香、份量兩個大人可以吃得飽最上層鋪滿了起司和培根我覺得很好吃～;;目前新新還是需要將麵條剪短才有辦法吃而且新新的食量很大可以吃完下面這一盤還加上很多濃湯、薯條！！！ ;濃湯的部分也很不錯喝即使放到冷也不會有令人難聞的奶油味薯條份量也很多～綜合說起來這一餐算是很不錯吃的！！！新新拿著自己專用的餐具非常認真地探索和玩耍;;;; ;另外要再介紹一下這裡的兒童餐椅 ;;;很新穎、顏色也很鮮豔有黃色小熊和綠色青蛙兩種現場吃飯時間不只大人吃得愉快小寶寶們也都很認真地在品嚐外食的美味～ＸＤ我覺得目前為止我對於這家餐廳的評價挺高的小寶寶使用的東西和餐點都不錯吃餐廳裡雖然有很多小寶寶但是因為餐廳的占地還挺大的所以不至於會感受到其他小客人們的哭聲威脅而且小寶寶們坐在餐椅上吃飯時也不會經常被跑動的大童給撞到吃飽飯後到餐廳角落的小洗手台洗洗手之後就可以讓寶貝們自由活動了！！！會到這裡用餐的父母不外乎就是要讓寶貝們到跳跳屋裡面去消耗一下體力這裡的跳跳屋是需要額外買票進場的一個小朋友只限一位家長免費陪同不過如果小寶寶未滿一歲是可以直接免費入場不需購票的喔！！！ＰＳ：入場不管大人、小孩都需要穿著襪子才能入場不過沒帶襪子也不用太緊張～因為櫃檯就有在販賣～＄４０元／雙購票完畢在跳跳屋門口會有服務員確認有無穿著襪子和陪同大人的人數當然最基本的還會量體溫、貼辨識條（貼在寶寶手上或是衣服上）步驟都完成後就可以進場去逍遙了！！！跳跳屋裡面我自己區分為三區：積木區、旋轉區、溜滑梯區積木區一般比較適合小一點的寶寶或是想要單純堆積木的小朋友積木區有簡單的小區隔讓其他奔跑中的小孩不至於會衝撞到小寶寶或是人家努力堆好的積木新新在裡面玩得很開心而且他偏愛正方形積木裡面有一個圓筒的這一種跟家裡那組小積木一樣這位小姐姐好厲害～利用積木自己做保齡球道;;這是方塊臉新新這是格格新新;玩了一會兒新新被隔壁旋轉區的遊戲給吸引了但是一讓他坐上去～居然出現如此苦情的臉！！！真的是笑死我了！！！新新的膽子真的很小坐在椅座上雙手抱緊緊的根本不敢隨意移動看隔壁的小姊姊站在座椅上上下彈跳新新只是默默的看著完全沒有要學習的意願就這樣我邊拍照邊讓新新自己坐在上面旁邊的小朋友都換了好幾輪了後來讓新新坐在下方的位置新新也完全不敢爬下來;反觀同行的澄澄弟弟一溜煙就自己滑走了～＠＠～這位小妹妹更猛～一直扶著這個會旋轉的座椅一直跟著走後來第二次去有阿姨陪著玩新新終於不再害怕得笑開懷了！！！旋轉區旁邊還有兩樣可以玩的東西但是新新比較小還不太適合另外其實跳跳屋有兩側都是大片玻璃圍繞沒有在餐廳裡用餐也可以單純買票進來裡面玩比較大的孩子父母只要人在外面觀看就行了;;;;;;;;;這一個很大像冰淇淋一樣也會旋轉的大汽球新新也很喜歡但是就是不敢上去玩;來看一下這怎麼旋轉的;;超多大童很喜歡這會旋轉的冰淇淋大汽球另外這個彈跳網新新也不敢上去不過我是覺得太小的小寶寶也不太適合待在這一區因為大童一直瘋狂地跳小寶寶只有被動上下彈來彈去的份遊戲區固定都會有的溜滑梯新新也無法自行玩耍只能靠大人抱他到滑梯的上方然後環著他慢慢溜下來第一次去的時候新新還不會爬樓梯所以即使很想跟大家一起玩但是遇到樓梯的部分就馬上讓他打消念頭反觀澄澄連滑梯都逆著爬上去了真的是超級厲害的！！！過了一周又帶新新去這期間在兒資館上課時有跟老師討論到新新不會爬樓梯的事情後來在家有幫助他從爬沙發開始練習結果沒想到～幾天後再來時新新已經身手矯健地去爬樓梯了！！！;;其實當時看到新新奮力爬著樓梯那一幕好感動喔小寶寶的學習能力和適應力還真的不是普通的強大一眨眼～又長大了！！！滑梯前方是一片大空地不管是地面上或是牆壁上都有很棒的保護措施而且整個遊戲區裡面都很乾淨;除了比較一般的滑梯之外～還有這種比較高階的旋轉滑梯不過我想～等新新會玩應該也要好一陣子以後了吧！！其實這裡面有一半以上的東西新新不太敢玩感覺就像是買票進去六福村只有散散步跟吃吃東西就回家一樣～＠＠～ ;;;;;;;;;新新最厲害的大概就是玩跳跳馬跟爬行吧～ＸＤ;玩累了之後又跑去黏在阿姨的身上結果阿姨只好抱著新新然後眼睛盯著自己的兒子亂亂爬～＠＠～ ;;;;我個人是挺喜歡這裡的遊戲區和餐廳裡的餐點不過唯一不喜歡的地方是金典綠園道的停車費好貴啊！！！一小時＄４０元～而且館內消費滿＄５００元只能抵一小時一般來到這種遊戲區當然是玩越久越好啊不過整體而言我是挺喜歡這裡的應該下次還會再帶新新過來玩!!!;;台中金典綠園道(台中市健行路1049號6F);電話:04-3700-4278;營業時間:週一~週五 11:00~22:00週六~週日 10:30~22:00;棒恰恰親子歡樂餐廳官網;
