title,hits.total,info.comments_count,images.length,link,body
│台北。內湖│大晴天親子餐廳。巨型扭蛋機、球池、小廚師扮演、寶寶爬行&hellip;,56903,3,56,http://yujuan162.pixnet.net/blog/post/195219654,今年在內湖陸續開了不少間親子餐廳，港湖地區的媽咪們又多了溜小孩的新選擇囉！某天黃爸下班經過意外發現透過大片玻璃窗～依稀可見室內大型球池回家興沖沖，媽媽立馬上網google「大晴天親子餐廳」離我家位在同一條路上不到3分鐘的車程…說什麼也一定要立馬卡電喂衝的丫！！;其實親子餐廳對我來說～餐點也是常常踩到地雷…在寸土寸金的大台北地區，親子館、親子餐廳一間間水準越來越高常常讓媽媽也情不自禁的都跟著孩子迷戀在遊戲王國裡…但帶孩子到親子餐廳，根本抵檔不住遊戲區的魅力所以後來常常都是選下午茶時段，正餐把孩子餵飽再去～媽媽也能好好優雅喝杯咖B這個月6號才剛開幕試營運的「大晴天親子餐廳」就位在民權東路六段40號，VOLVO保養廠正對面建議可搭程公車在「時報廣場站」下車，再往民權大橋方向步行約2分鐘腳程開車前往的話，路邊也有停車格…因為地段不是屬於鬧區，車位算好找！挑高式大片落地窗，門面非常氣派從門外依稀可窺探內部設施（難怪黃爸下班都三更半夜了還能發現它）對我們來說～最讓人為之驚豔的不是球池而且一入內就可以看到約2個大人身高～在小人世界裡完全就是巨人級的【超大扭蛋機】它不單單只是非常吸引的陳列品～而真的是可以實際操作的哦～扭蛋迷～快來吧！！;（（記得把家裡豬公帶著去邊挖邊扭哦~haha看看小維哥站在扭蛋機旁的比例～根本成了哈比人是不是真的大到有點太超過了…哈哈當然除了有讓人尖叫的巨型扭蛋機迎賓外讓小維哥汗濕整場玩到煞不住車的就是這【大型球池】了挑高式且寬敞明亮的室內空間，共分設2層樓座位區開放式的空間，就算被安排在樓上座位區用餐也能看得到孩子在樓下球池遊戲的狀況半開放式廚房～店員清一色全是一群熱血的輕年丫原木色系地板、暖黃漆牆，搭配著白色桌椅，座位區排列不會讓人覺得擁擠走道保留了足夠的空間可以讓孩子安全自由走動提早前一週預約下午場，還在試營運狀態～到店用餐人沒有非常多試營運時期採時段制用餐，共分三個時段，每時段為2.5小時（每週四為公休清潔日）11：00～13：30／14：00～16：30／17：00～19：30但可以看到～以下的爸媽…整個非常的鬆丫…完全就是放小孩自己去玩～爸媽就悠閒喝下午茶這樣但如果像是迷你寶這年紀的小小朋友呢？！坐不住～也想玩？二樓還有for小寶寶的安全爬行區哦在天花板外圍還有個觀賞用環場迷你小火車，非常可愛的設計巧思很有卡通味的古董模型車～在這片卡通回憶牆裡！你能說出幾個正確的名字呢？！（（完全就是一個自曝年紀的遊戲。自動飄走））店內還有這位熊大爺陪伴大家用餐哦～～很特別的木質掛鐘，和原木地板整體有相呼應到這片白色牆面很特別的是～除了有提供免費雜誌書報之外一個個大小不一的禮物包裝盒它們都是巨型扭蛋機～每天期待著大獎新主人的出現哦走上二樓～樓梯除了基本安全防護網腳邊還可以發現放置了自動照明燈（但～沒有每個都亮就是VV“）也設計了適合孩子身高for小朋友專用扶手當然，二樓有for小寶寶的爬行區～～一般如果有帶小寶寶前往用餐～應該可以請店家預留二樓座位區安全門更是不能少！！二樓空間也算寬敞～除了中間座位區還分設了【2歲以下幼幼爬行區】和【kidkraft 小廚師扮演區】當天二樓用餐區完全就是處於一個被我們包場的狀態因為光是樓下的大型球池常常小孩一進出就很難叫得出來了@@kidkraft小廚師扮演區是媽媽的最愛（（這位太太平常在家煮不夠嗎？！是有多愛煮～一直都好喜歡木製的小人廚具組系列小時候當孩子的玩具～孩子長大後不玩了，就算擺放在家裡也是件美麗藝術品去年COSTCO推出kidkraft可愛粉彩廚房組～聽說只要3,299～價格應該還算親民真的很想跟家裡有女寶的媽媽們一樣殺紅眼的搶購媽媽真的是鎚心肝…偏偏家裡就是男生宿舍無誤〉“〈放個小粉紅廚具組在家像話嗎～這…嘖嘖（不過下圖中的這幾款我都好愛～而且色系也很適合男寶）—;還沒死心就對了吼～這組真的燒到我！完完全全中了我這愛鄉村風的媽媽味…而且kidkraft家的廚具是設計符合小人高度～免跪坐在地（（（這有什麼好再討論～老爸根本沒打算要買丫…））這組走的是現代簡約風～目前這一區規畫只見三組小人廚具…因為空間其實很大～顯得有點小空虛想必之後店家應該會再陸續添購更多精彩的小人設備而幼幼爬行區是FOR 2歲以下寶寶專屬，入內需脫鞋子我說這位小班哥哥～是進來湊什麼熱鬧蛤？！不過這天其實樓上遊戲空間沒什麼人使用，所以小維哥就隨他去吧～～看看這頭濕髮，已經跟店員借吹風機～吹兩輪去了！親子洗手間位在1樓1.2樓都有尿布檯～2樓其實有哺乳室但尚無開放使用從二樓向下俯瞰球池真的好大但為了安全考量，限6歲（含）以下小朋友使用所以基本上～～媽媽能跑親子餐廳也沒幾年了…凹鳴～～球池遊戲區是需酌收每位小朋友130元清潔費，不能抵低消，且需著襪入內小維哥從出發就在路上跟我們預告～他中午有認真自己吃完所以等一下他不要吃東西～想直接玩vv“整場爬上爬下～跟泥鰍一樣…小維又是體燥容易飆汗的人整場小朋友只有他濕髮最誇張還有這透明圓型太空艙…最後連媽媽也跟著窩進去惹球池～還有另闢一個小小孩的迷你雙道溜滑梯哦！這兩父子不知道在給我上演哪一齣丫我們從來沒讓小維哥扭過扭蛋機～很怕小孩一玩上癮，爸媽荷包就準備大失血這次真的是破例～因為媽媽自己也很知道這麼大的扭蛋機能扭出什麼厲害的驚喜～下面的方向盤（誤）～店員可是非常小心翼翼的在旁指導它可不能當一般賽車方向盤隨你玩丫～～轉壞了！媽媽可是賠不起丫@@還站在扭蛋機旁的迷你寶指著它說：「還要…還要．．．」猜猜小維花了50元銅板扭出什麼玩意兒？？解答～～胡迪立體玩偶書籤大晴天主要是以輕食料理、義大利麵、燉飯、點心、飲品…等等大人每人低消200元／2-6歲小朋友低消100元帶孩子到親子餐廳～除非有十足把握能夠按耐得住玩性要不一般真的比較建議把孩子餵飽再帶去吧！要不就會上演通常點了孩子的餐點～最後都是在吃冷飯～或是媽媽下肚@@”所以我們只點了飲品和薯條～酪梨牛奶好喝～但榛果奶茶…味道極淡－＞－＂薯條一開始外型誤以為是地瓜‥結果是馬鈴薯塊～還不錯吃！試營運期間來店消費可享88折優惠．．．只到3月底哦;大晴天親子餐廳　粉絲團地址：台北市內湖區民權東路六段40號1樓預約專線：02-2792-2009消費方式：6歲以上低消 200元，2-6歲小童低消100元。(10%服務費另計)　　　　　2歲以下小朋友無低消限制。 (禁帶外食,嬰兒副食品除外);;原文連結：http://yujuan162.pixnet.net/blog/post/195219654/;【更多親子餐廳 延伸閱讀】│宜蘭│71度N庭園咖啡廳。夢幻Tiffany藍歐式洋房親子餐廳│台北│Chuck Land恰克園親子咖啡。戶外庭院戲砂+室內獨立遊戲包廂│台北│菠啾花園Potager Garden。親子花園x野菜甜點x樂活蔬食料理│台北│大晴天親子餐廳。巨型扭蛋機、球池、小廚師扮演、寶寶爬行│台北 │大樹站 Mr Tree Station-超夯英倫三池(火車球池／花園水池／大笨鐘沙池)│台北│格林童話湖畔餐廳-象園咖啡Elephant Garden│台北│吧哪娜BANANA親子餐廳。隱藏巷弄孩子的快樂天堂│台北│LIVE 饗樂Past &amp;Cafe。帶孩子玩樂高趣吧！│桃園│親子小品輕旅行。走進〞河岸童話森林〞世界文學花園(愛評首頁)│桃園│芭舞巷花園親子餐廳。溜小人沙坑high翻一整天！│台中│QBee森林親子餐廳。大小牽小手GO沙池、樂高、繪本話童年│台中│叉子ㄨ子-超氣派北歐風親子餐廳。沙抗、文創每個月粉絲團都會不定期幫大家精選優質的育兒小人物提醒大家若不想錯過維媽團，記得按「讚」加入粉絲團＝＞點我連結＜＝勾選「搶先看」及「所有貼文通知」才不會錯過任何一次團購訊息哦！！
【新北新莊】JW跨界廚房。新莊也有好吃的親子餐廳。旁邊就有公園溜滑梯和圖書館喔,8658,0,24,http://a606691.pixnet.net/blog/post/401117359, ;※JW跨界廚房※地址：新北市新莊區中信街72-2號電話：(02)2992-8624時間：6:30~22:00(平日)．8:00~22:00(例假日);經由友人羊咩咩的介紹我們才知道在新莊也有一家好吃的親子餐廳喔; JW跨界廚房的位置非常好旁邊就是黃城公園和圖書館吃飽之後直接到公園溜滑梯消耗一下小人的體力;;JW跨界廚房是在一棟社區的一樓經營方式是早午晚餐也許是因為附近有國小的關係所以從早上6點半就開始賣早餐了假日中午想要用餐最好要訂位因為生意還滿好的會客滿而且一樓的位置才有小小的遊戲區如果坐到二樓的位置就不方便顧著在一樓玩耍的小人所以定位時要註明要坐在一樓喔; 室內挑高的樓中樓讓空間不顯得侷促雖然也算是親子餐廳不過在裝潢方面並沒有走可愛童趣的風格簡簡單單的木質地板配上木頭原色的桌椅感覺是比較屬於溫馨的小餐館; 提供雜誌讓爸比媽咪閱讀這樣小人們在玩扮家家組時大人才不會無聊;  噹噹噹~這就是JW跨界廚房也稱得上是親子餐廳的地方啦噗~~~一個小小的角落放了兩小組扮家家酒真威算是簡約樸實的親子餐廳吧好啦好啦~再搭配上餐廳旁邊的公園溜滑梯JW跨界廚房也可以算是有溜滑梯的親子餐廳啦;因為這個扮家家酒組實在是太小了所以Q寶只能坐在地上玩真的是騙小孩用的(威)反正小孩高興不會吵我們就好這樣一個小遊戲角落也讓Q寶玩了一小時左右吧;  ;  ;菜單有砂鍋定食、炒飯或麵、義大利麵、燉飯、焗烤、炒麵麵包、飲料和啤酒 ..從菜單中可一窺店名的緣故菜單多樣化中西式各國料理也難怪取名為JW跨界廚房;; 放在退台上的木製可愛小彈珠台老闆說這是之前有做活動讓客人打彈珠台換優惠好可惜現在已經沒有了不知道可不可以跟老闆借這個彈珠台來玩玩呢櫃台還有販賣兒童果汁和手工餅乾...最後面那一瓶黃色的好像是沙拉油之類的吧真是威~連沙拉油都賣~;  點餐都會附贈一杯飲料我的紅茶有點偏甜所以後來又跑去加冰塊稀釋一下;蒜香海鮮義大利麵188元+5%爸比說味道有點淡所以後來他跑去加了辣椒油; 野菇海鮮炒麵168元+5%真的滿好吃的中式海鮮炒麵海鮮料滿多的透抽又大又新鮮味道夠重讓我一口接一口的吃我想下次如果還會造訪JW跨界廚房十足十是奔著這個野菇海鮮炒麵去的啦; 吃完後帶小Q寶到旁邊的公園去消耗一下體力公園果然是小人的快樂天堂Q寶玩得好高興讓爸比深深覺得我們幹麻每次都花錢去樂園玩來免錢的公園小人就很高興啦;   姿勢超級不雅的Q寶像個小猴兒一樣爬上爬下;   爸比陪Q寶玩盪鞦韆;  ;;JW跨界廚房推薦給新莊朋友一個溜小孩的好去處喔
[親子好去處。新北市] 板橋新板公共托育中心 免費開放親子遊戲空間,21053,1,26,http://rubeelittle.pixnet.net/blog/post/142796910,;;猜猜我在哪?板橋新板公共托育中心其實開有一陣子了位於板橋大遠百的旁邊畫世紀大樓的二樓新北市其實陸續開了好幾間這樣的中心但目前我只去過板橋新板的~這間號稱是公托旗艦店占地246坪板橋新板公共托育中心主要是提供二歲以下嬰童的托育服務設立主要是希望提供平價的公共托育環境以讓家長安心就業鼓勵生育但托育登記有一些基本資格須要符合如需設籍新北市目前可收托約75名另針對中低收入戶、弱勢家庭及設籍板橋區兒童皆有優先收托之保障名額也因為收費相當合理每月9000元(符合保母托育補助資格者，由社會局補助每月3000元，弱勢家庭補助每月5000元)所以非常搶手聽說入學都需要抽籤呢!詳細的登記資格及應備文件可以直接詢問托育中心或是可以先參考看看他們FB中的招生簡章;新板公幼大門一進去就可以看到設計很活潑的牆面五顏六色大大小小的圓圈圖案 ;整個環境很舒適乾淨又寬敞光線明亮入口一進去左手邊是櫃台右手邊就有一個蠻大的空間有小桌椅供等待或是吃點心時使用甚至有個液晶電視螢幕供父母了解小孩在中心內活動的狀況 ;旁邊有溫馨的哺乳室給麻麻們使用 ;廁所也挺乾淨的有簡單的尿布台 ;美中不足的就是這裡沒有設計小童高度可使用的洗手台 ;;托嬰中心跟開放型的社區親子館有很明顯的區隔要沿著中心的走廊再走進去一點才看的到平日是不對外開放的很幸運來的這天剛好有開放進去看了一下還挺不賴的 ;維持得很整潔 ;但這裡並沒有開放給一般親子使用 ;這裡除了托嬰服務每個月還會定期開一些親職講座或親子共玩的活動雖然這些活動需要額外的費用但是價格很合理大約$100這天來時剛好就是有寶寶按摩課程呢! ;托育中心有設計一區專門是開放給公共使用的最讚的部分就是完全免費開放對象為0-6歲的親子有公告的服務時間分齡分場次年齡分為 0-2歲、2-4歲、4-6歲另外有 family hour是針對一個家庭有兩位0-6歲小孩所開放的時段這是2013年1月才更新的公共服務開放時間表 ;每個場次有限25對親子所以建議可以事先電話預約需要注意的是大人入場需穿襪子開放的公共空間有兩個部分一個是故事探索花園屬於比較靜態的活動空間有提供繪本、拼圖、木製玩具、角色扮演道具等大人可以在這裡陪小孩看書 ;除了一般繪本外也有比較大型的繪本書可以共讀各式各樣的拼圖質感都很不錯目前狀況也都還算新 ; ;角色扮演小角落 ;這裡還算蠻多種玩具種類可以選擇的 ;也有木製軌道搭配地毯玩車子但 Rubee 一看到這組就直接先把軌道給拆了;;我看這下子可是要釀成車禍惹~ ;也有木製積木一堆小孩一起玩的慘狀勢必就是撒落一地的玩具 ;; ;但放心中心每天都有固定的清潔消毒時間另外一個開放空間就是體能館屬於比較動態的部分 ; ;這裡的器材大部分都是 Gymboree 的所以品質還不錯空間內是木質地板加軟墊所以這裡也很適合還在爬行或還走的不是很穩的寶寶來玩 ;帶 Rubee 來的時候她才 1Y1M那時候偶爾還會出現這種在地上爬的動作但現在轉眼已經 1Y7M這動作幾乎已經絕跡惹～ ;這裡有溜滑梯、搖搖馬、大球球、翹翹板等;;其中 Rubee 似乎最愛這個小遊戲屋有門可以開關進去小小的空間大概可以容納三四個寶寶同時可以看到好幾個小孩要擠在這個小房子裡小童總是看了別人玩就覺得特別好玩小房子裡也有窗戶可以往外開關對這種可以開開關關的可能特別感興趣Rubee;就一直進進出出的光在這就玩了好久 ;;;也在窗戶這跟她玩起;peekaboo 躲貓貓的遊戲 ;一下從裡面往外面看一下又從外面往裡面看;;也有這種圓筒狀的隧道可以過山洞 ; ;以公立且又免費的情況來說這裡真的算的上是很優質的空間也期許可以一直維持在這種品質有興趣的新北市麻麻可以就近到附近的其他公共托育中心看看囉~汐止忠厚公共托育中心 (02)2641-3300 ; ; ;新北市汐止區樟樹一路137巷26號2樓三重重新公共托育中心 (02)2995-3933 ; ; ;新北市三重區重新路五段511-513號2樓三重二重公共托育中心 (02)2985-0820 ; ; ;新北市三重區大有街10號新莊德明公共托育中心 (02)2277-1678 ; ; ;新北市新莊區中正路147-20號1-3樓新莊昌平公共托育中心 (02)8521-3521 ; ; ;新北市新莊區昌平街200號板橋新板公共托育中心 (02)2961-0601 ; ; ;新北市板橋區漢生東路258號2樓板橋大觀公共托育中心 (02)2965-9922 ; ; ;新北市板橋區大觀路一段30號中和南勢角公共托育中心 (02)2944-9595 ; 新北市中和區捷運路56號2樓永和中興公共托育中心 (02)8923-1199 ; ; ;新北市永和區國光路116巷2號3樓 (親子館)新店安康公共托育中心 (02)8666-2789 ; ; ;新北市新店區安康路2段120號2樓泰山幼獅公共托育中心 (02)2296-0028 ; ; ;新北市泰山區全興路212號3樓 林口仁愛公共托育中心 (02)2609-7311 ; ; ;新北市林口區文化一路一段137號3樓土城和平公共托育中心 (02)2260-9588 ; ; ;新北市土城區中正路18號2樓-土城公有零售市場淡水淡海公共托育中心 (02)2805-6620 ; ; ;新北市淡水區淡海路111號2樓-淡海活動中心;新北市板橋新板公共托育中心新北市板橋區漢生東路258號2樓02 2961-0601Rubee;❤ Facebook; ;
親子餐廳：桃園縣網路人氣推薦5家,154710,0,5,http://pchomekids.pixnet.net/blog/post/35643481,【小編的話】出了地狹人稠的大台北地區，桃園縣的親子餐廳共同的特色是：有寬闊的戶外活動空間，甚至還有適合親子同樂的主題活動。在休憩功能之外，還兼顧了寓教於樂的效果。以下是彙整網路上，網友與部落格經常分享的5家人氣親子餐廳。.一、蘆竹鄉義美食品觀光工廠 特色：塑化劑風暴中，許多食品大廠的飲料、零食、保健食品幾乎都被黑心原料「污染」，唯獨老牌又低調的義美食品全身而退。果醬媽一直都是義美食品的支持者，偶爾的機緣到義美食品觀光工廠更是力推大家可以帶孩子去玩一玩。因為義美食品觀光工廠不但可以看到麵包的製作過程、還有綠蔭濃密的童玩區、生態景觀區，而且它的港式餐廳走平價路線。而且特別的是，有次請餐廳提供吸管給孩子喝水，餐廳主管說他們沒有提供吸管，因為一般市售吸管多多少少都有塑化劑，這樣有概念、替孩子著想的餐廳，是不是該去瞧瞧呢！ 地址：蘆竹鄉南工路一段11號官方網站：http://www.imeifoods.com.tw/nankang/index.html 爸媽經驗分享： http://blog.xuite.net/mega112/blog/37598135 http://tw.myblog.yahoo.com/graceliu05310531-graceliu05310531/article?mid=16271 二、大園鄉良祝苗圃   特色：1500坪的大空間，大門進入就是一大片草皮映入眼簾，還有各種遊樂設施：遛滑梯、盪鞦韆、搖搖火車、小型摩天輪。還有Q版的籃球框、足球框讓親子可以一起活動。而有些媽媽非常讚賞該餐廳裡，還陳列的不少親子書籍和親子類雜誌，讓媽媽也可以偷閒翻翻書，吸收教養知識。 地址：大園鄉南港村大觀路1116號官方網站：http://www.liangjuh.com.tw/ 爸媽經驗分享： http://www.wretch.cc/blog/ice1658/382420 http://yoyoyogigigi.pixnet.net/blog/post/26881212 三、龜山鄉春天農場   特色：佔地不小，有大片花圃、烤肉區、有機農園，還有迷你動物園，飼養不少兔子、小動物等以及還有迷你馬可以騎乘。此外這裡有還有西式料理餐廳、烤肉區，因此假日不少年輕朋友、公司團體會在這邊辦聚餐活動，如果要假日來此用餐，最好先訂位。如果只是走走看看溜小孩，建議最好選擇天黑之前，避免夜間蚊蟲較多。 地址：龜山鄉長壽路272號官方網站：http://www.springfarm.com.tw/ 爸媽經驗分享： http://yaofamily.pixnet.net/blog/post/29051122 http://dolphin666.pixnet.net/blog/post/30512975 四、大溪鎮花開了休閒農場   特色：業者定位為「創意美食庭園咖啡餐廳」但是經營相當多角化除了餐廳外，戶外設施也很豐富，有吊橋式主題餐廳，園區種植各種奇花異木、體適能運動區、蓮花錦鯉池、櫻杏花特賣區、還有最受歡迎的可愛動物區，飼養了孔雀、日本雞、韓國雉雞、小兔兔、天竺鼠、七隻小羊與大野狼、鴛鴦、綠頭鴨跟三隻小豬。小朋友跟小動物都很投緣！對了！例假日下午還有歌手駐唱！ 地址：大溪鎮復興路二段329號官方網站：http://www.openflower.com.tw/about.php 爸媽經驗分享： http://peng922.pixnet.net/blog/post/36069853 http://blog.xuite.net/amo09752/cc/42999160 五、平鎮市綠風草原餐廳   特色：顧名思義這裡最大的特色就是「草原」，在餐廳光是看這一大片綠油油的草原都覺得賞心悅目。草原上還有水池、涼亭、樹屋、玻璃咖啡廳，活動空間不小，餐點走中高價位。假日天氣好時，人也不少因此要用餐最好先預約詢問。此外，這裡也是寵物餐廳，所以除了很多家長會帶著飛盤和球來溜小孩之外，也有不少人是專程來溜狗的。 地址：平鎮市長安路216巷168號3官方網站：http://www.greenbreeze.com.tw/ 爸媽經驗分享： http://blog.xuite.net/chiao912/yushun/6308035 http://blog.yam.com/nydia56/article/36503127
[台北內湖。親子餐廳】 超吸睛巨型扭蛋機、豪華溜滑梯 ! @ 大晴天親子餐廳,7228,0,23,http://josie0916.pixnet.net/blog/post/272989588, ;;;以前Abbie還小的時侯，Josie 不是很愛跑親子餐廳總覺得…親子餐廳的食物…呃…比X還難吃!!! XDD現在4y2m的小Abbie 活動量根本大到驚人不找些樂子讓她放放電，為娘的我應該會被她操死吧?!;於是。。。;Josie 我又重回了親子餐廳的懷抱啦~~~話說，現在的麻迷和小寶貝們真的好幸福台北幾乎每個月都有非常不錯的親子餐廳新開幕 這樣一來，親子餐廳真的成為炎炎夏日或大雨天遛小孩的好去處!!!;這天和朋友約好到位在內湖的大晴天親子餐廳到的這天它們仍在試營運，還未正式開幕沒想到卻遇到了大雨天，大雨天到大晴天親子餐廳… (好饒舌啊! 哈)我們是開車過來，它的位置離捷運有點距離，交通不是那麼方便若不開車的話，可能就得搭小黃或公車囉!;大大的招牌，很醒目 ;;一進門，右手邊就看見鎮店之寶! ;鏘鏘~~ 巨型扭蛋機! (真的可以扭喲!)只要50元硬幣，就可以扭扭蛋~老闆說，蛋裡頭的玩具大多是外面60元的扭蛋玩具哦~;開放式的廚房/吧台區域;;;;;;左手邊就是小朋友遊戲區 ;球池、大型豪華溜滑梯… 二個小傢伙看到根本等不及就要往前衝啦!!! ;;一樓遊戲區不大，但裡頭攀爬設施超豐富的!剛到的時侯，還擔心他們會不會覺得這裡一下就玩完了，不夠玩結果~ 我是多慮了!!Abbie 和青梅竹馬小伙伴都玩得超開心! ;礙於身型，Josie 也不方便跟著小Abbie 在攀爬設施裡探撿但坐下面看著她在裡頭翻上滾下、揮汗如雨的，就知道她玩得非常盡興啊~ ;;;座位排設方面，Josie 覺得很寬敞，不會有擁擠感! 坐起來蠻舒服的~; ;;;在我們座位區的天花板上，竟然有火車在行駛耶!! 哈哈 ;;二樓也有遊戲區，這區適合24m以下寶寶玩的 ; ;;另有一區，放了幾台扮家家酒廚房組 (以後應該會陸續增加玩具吧? 似乎有些空虛 ~) ;二樓的座位區 ;其實，只要寶貝們能玩得開心，麻迷們也就開心啦~Josie 就和朋友在座位上悠閒地邊吃餐邊聊天~;雖說，它們家餐點口味的部分，嗯…真的一般般…XDD總之，我們是抱著溜小孩的態度來的，這樣心裡可能會好過些～（笑） ;;;Josie 點的是白醬野菇燉飯 (記得價格是260 ntd); 朋友點的則是青醬雞排義大利麵(餐點名字自己憑印象取的… 朋友遠自台中來，一時聊開! 忘了照完整menu…原諒我啊!! orz);飲料額外叫的，時令綜合果汁 (130ntd) ---; 喝了一半才記得照相，就…聊得太開心啦!!!;我們也幫寶貝們各自點了寶寶餐- 肉醬義大利麵內含: 飲料/主餐/甜點-奶酪or冰淇淋(二擇一);;寶寶餐份量蠻夠的! ;小Abbie 也吃得很開心!;;;附上menu，另一面主餐部分…忘了照… ;(對~ 就聊得太開心!! ;--是要重複幾次?!);;;;;; 當然~餐廳內，嬰兒尿布台、兒童馬桶、高低洗手台、兒童安全門應有盡有連樓梯都增設較低的扶手讓小人們可以自己安全地上下樓我們在聊天時，眼角不時瞄到4y的Abbie牽著2y的小玩伴自個兒上樓下樓找樂子!;餐廳基本安全設施做得都不錯~~;最後附上寶貝們開心的合照!  ;-----------------------------------------------【大晴天親子餐廳】地址: 北市內湖區民權東路六段40號1樓 ;(圖片來源: ;大晴天親子餐廳 FB)TEL: 02-2792 2009消費方式: 6歲以上低消200元; 2~6歲小童低消100元 (另加10%服務費);;;;;;;;;;;;;;2歲以下小朋友無低消限制 (禁帶外食，嬰兒副食品除外);;;;;;;;;;;;; 遊戲區清潔費 (每人): 130元 (不抵低消)FB: https://www.facebook.com/sunnydaytaipei;-------------------------------------延伸閱讀：【台北圓山。親子餐廳 】快到『Pink Swan Party繽紛樂園』和寶貝來一場夢幻公主下午茶派對吧! ♥︎;【新北樹林。親子餐廳】環繞式遊戲空間 ● 賽車道 樹屋球池溜滑梯 決明子沙坑『WooHoo遊戲屋』(樹林火車站旁，步行1分鐘)【台北松山區。親子餐廳】高質感木製玩具、溜滑梯 &amp; 大球池 『123FUN親子聚會空間』(近京華城)【台北西門町。親子餐廳】讓小人兒瘋狂沉浸樂高積木世界裡的好去處 @ FUN 樂砌【台北信義區。親子餐廳】 阪急百貨內美味餐點、小朋友為之瘋狂的決明子沙坑@ Chop Chop恰恰食堂【台北】全家一起來逛逛SYNTREND三創生活園區吧! 內有親子餐廳 Cafe ballet (忠孝新生站)【新北汐止。親子餐廳】泰式料理上桌啦 ! 沙坑、巨型積木、水彩畫空間 『Artr積木塗鴨親子餐廳』（７／２９更新）【中壢。親子餐廳】麻辣鴛鴦鍋 吃到飽! 賽車概念餐廳 附遊樂設施 @車車火鍋【台北中山區。親子館】超剌激人體滾大球、氣墊床、球軌和故事屋 @ 幼佑城堡Yoyo's kid castle【台北中正區。親子餐廳】藝人郁方開設的 Greenwood 格林屋。超豪華室內樹屋溜滑梯 (2015/8/11二訪、更新）【台北信義。親子餐廳】貝兒絲樂園 Bear's world * 帶孩子環遊世界去!!【台北大安區。親子餐廳】 有沙坑、噴泉池的英倫風 大樹站 Mr. Tree station ，大推!;台北南港。RAKU KITCHEN 寒舍樂廚 五星級飯店 buffet 融合親子空間;
▌台北信義區親子館▌令人驚喜的親子館♥貝兒絲樂園Bears world♥沙坑。球池。撈魚。角色扮演好好玩,61974,47,102,http://cline1413.pixnet.net/blog/post/406914397,;今天跟大家分享一間台北信義區新的親子館&hearts;貝兒絲樂園Bearsworld&hearts;上星期在粉絲團po了小安安穿韓服玩樂的照片,就是在這間很好玩的貝兒絲樂園拍的貝兒絲樂園實在太好玩,不僅小安安瘋狂,連老木我都尖叫連連(人家也想穿韓服啦)這是我近期體驗過非常喜愛的ㄧ間親子館,相信阿母門一定會喜歡阿// // 王妃新書《宜蘭親子民宿小旅行》上市囉新書博客來預購 ▶http://goo.gl/DrUuaI; 新書金石堂預購 ▶http://goo.gl/FVR581貝兒絲樂園參考德國教育方式,提供自由遊戲玩樂的空間透過日常常活學習與環境模擬體驗.從玩樂中學習,激發小朋友的想像力與創造力並以環球世界的概念.將全館分為六個國家主題,約200坪的室內空間從撈魚,球池,沙坑,辦家家酒,歡樂超市,角色扮演,服飾體驗....應有盡有還提供了多樣遊戲設施與日本&amp;歐美品牌的玩具,安全豐富又好玩&hearts;貝兒絲樂園Bear sworld&hearts;地址: 台北市信義區基隆路一段155號B1(萬世大樓)電話:(02) 8787-0131營業時間:週日~週四(早上10:00~晚上20:00)週五~週六(早上10:00~晚上21:00)年齡限制: 六歲以下粉絲團台北更多優惠房價請點我市政府捷運站一號出口右轉,步行約五分鐘可達外觀是一棟商辦大樓,看到萬世大樓就對了貝兒絲樂園位在地下一樓,有推娃娃車的,可搭旁邊也有電梯;因為貝兒絲樂園的主題是以環遊世界為發想,連接待櫃檯都設計的像飛機造型一樣可愛入會費是100元,目前1/15~2/1試營運,一大一小(兩小時360元,可抵餐費)個人覺得買套票比較划算喔~入園處口有洗手台,往裡面走有一整排的置物櫃左邊空間未來可能會規劃一些活動生日趴替之類的因為貝兒絲樂園占地約200坪,入園前可先看一下園區介紹比較有概念前面有說貝兒絲樂園是依環遊世界為發想,將全館分為六個國家主題館11區(埃及,俄羅斯,日本,韓國.美國,義大利)要讓小朋友體驗各國風情,其中最特別的就是日&amp;韓服飾的體驗了;;;更換好鞋子後,工作人員會先量體溫與酒精消毒手才能進場(再次提醒大家,進入這類親子館都要穿襪子喔)正式入園後,就會看到一系列玩具商品櫃這些玩具質感都不錯,喜歡的話可以購買回家結帳櫃台旁也有各式服飾的販售;// // 旁邊有各式形狀的磁鐵積木與七彩齒輪組;首先看到的第一館就是《俄羅斯玩具館》這邊是專為2~6歲的兒童設計的主題館(1~2歲需家長陪同);;;俄羅斯玩具館主要是以數十種Melissa &amp;Dough,WOW驚奇樂高積木為主琳瑯滿目的玩具與汽車軌道,讓小安安一進去就"黏住"這區小男孩會特別喜歡.因為除了樂高積木.還有火車鐵軌與大型停車場光是這個軌道停車場就讓小安安玩到翻,完全不肯離開老木我後來是用騙的,才把他騙到別的主題區,沒一會又給我跑回來這裡小桌上有不少益智玩具與軌道車車雖然才逛到第一館,就已經可以感受到貝兒絲樂園在挑選玩具上的用心;最驚喜的是旁邊還有一小區職業服飾體驗,服裝都是全新的;本來要給小安安穿消防隊服,結果國王奶爸在另一區發現了更可愛的日本服裝這傢伙為了玩車車根本不願意換裝,心機很重的阿木騙他說不穿衣服不可以玩車車喔他才勉為其難的穿上,本來還有頭巾,他老兄說甚麼也不願意戴在頭上;穿著日本浴衣在玩軌道車車也太可愛了是說我發現小安安特別喜歡軌道車,很想買一組給他又怕他把零件弄丟阿;光是ㄧ個俄羅斯館就不小了,沒想到後方還有一個好玩的地方;《廟會魚池》仿造日本祭典打造的撈魚區,有趣又好玩,大人小孩都喜歡// // 這是我第一次看到親子館有撈金魚的設施,蠻特別的小安安剛穿的日本浴衣,其實應該是搭配廟會魚池的主題服飾;小朋友穿上浴衣綁上頭帶在撈魚的畫面,真的很像在日本慶典廟會的感覺可惜小安安不捧場阿;台北更多優惠房價請點我園區還貼心準備了防水袍,小小朋友可以穿喔;小朋友賣力撈魚,大人們可以盡情聊天那天還發現藝人艾莉絲也帶她女兒來貝兒絲樂園玩呢(左邊戴帽那位);除了日本浴衣,還有超可愛的韓服,看到這個老木我都要尖叫了為什麼沒有大人的尺寸嘛~我也想穿韓服阿沒關係,自己穿不到,就來惡整一下小安安這次老木跟他說,不換衣服就會貝小姐姐請出去不准玩車車喔於是他不很甘願的配合了~你們看! 是不是超級可愛啊貝兒絲的服裝都好可愛,質感也不錯,特別是這件韓服好美唷;他就這樣穿著韓服在玩車車,旁邊有其他父母在偷笑 ;;;《歡樂超市》體驗超市購買,可以增進大腦思考與創造力,提升小朋友的自理能力這裡乍看空間較小,其實暗藏玄機,好玩極了;裡面販賣了生鮮水果蔬菜,還準備了購物車與圍裙按照牆上的步驟來學習購買,排隊結帳,很有意思啊;;每一樣商品上都有條碼(好逼真);排對結帳區有收銀機,刷條碼結帳就會有發票跑出來喔《CAKE SHOP 》可體驗玩食趣,扮演小小老板,利用MG廚房組發展想像力,建立社交EQ,語言及思考能力這區應該是小女生會瘋狂的ㄧ區,裡面有好多mother garden的廚房組老木我自己都很喜歡,要是有女兒,家裡一定買一堆MG啦最後面那邊還有一小區娃娃專區,可以幫POPO CHAN 娃娃換衣服自己在櫥窗前當蛋糕店的小老闆;;;;;還可以練習結帳~這個木製收銀機太可愛我好想搬回家;CAKE SHOP 對面是《糖果屋》,裡面有溜滑梯球池有注意到嗎? 貝兒絲樂園有一整排的家長座位區與插座,還有免費WIFI可使用實在太貼心了,可以坐在遊戲區前看小朋友,還能一邊玩手機,大人也不會太無聊;數萬顆球與四道安全滑梯及獨木橋,上方還有蜘蛛人,充滿童趣的遊戲空間;;;;小朋友們可以在這區盡情消耗體力,裡面有一做小獨木橋能讓孩子體驗平衡;;這區都是屬於美國主題館;美國主題館還有一個《幼兒爬行區》這是專門為兩歲以下的小朋友設計的遊戲區,門口有安全護欄// // ;幼兒爬行區的玩具都是特別挑選的,有專屬的小球池與電動旋轉木馬;牆面上有自由女神的圖像.天花板上也有可愛的造型氣球整個幼兒爬行區好繽紛;超大電子地鋼琴,與各式安全玩具; ;值得一提的是貝兒絲樂園首創全區軟地墊,木紋地板無甲醛使用的地毯也是英國設計生產的進口地毯,防霉抗菌,還通過英國防敏感協會B.A.F認證台北更多優惠房價請點我;《 埃及金沙塔》充滿埃及風的設計,這也是深受小朋友喜歡的遊戲區;;沙漠與埃及的創意發想,造型十足,這是我目前為止見過最大的沙坑;玩沙前要記得脫襪子,體驗的服飾也不可穿入堆砂區喔;旁邊有個清潔區,離開時用噴槍噴一下,沙子都會掉落,很貼心的設計;;; 有可愛的嚕嚕車與大型工程車,滿足好動的小男生們沒想到貝兒絲樂園還有小舞台,小朋友們變裝後可以登台做秀拍照每天有三個時段,會有老師們帶動唱,氣氛很歡樂;; ; ;;舞台右側是《韓國館》裡面以傳統韓國服飾與玩具可以體驗,真的很有趣;我覺得貝兒絲樂園真的很用心在規劃親子館,小細節都做的很棒這是我第一次看到有親子館做這樣大膽創新的構想,有趣又好玩小朋友都能盡情體驗日韓服飾與玩具;看看這些可愛的小韓服,連鞋子都有,實在太可愛了阿木也好想穿,一直問工作人員有沒有大人的,應該也要為阿木門謀福利阿《日本館》裡面當然是傳統日本服飾與小玩物,連背景都是淺草寺,太用心了小朋友穿上浴衣,在日本場景前拍照,留下可愛的畫面;;因為剛剛有穿過日本浴衣了,這次老木又告訴小安安,要換另一套衣服才可以繼續玩不然店員姐姐會生氣喔((對不起工作人啦))結果這套韓服有點大,小安安很豪邁的ㄧ直拉褲頭(是男生無誤);於是他穿著韓服又跑回去玩車車軌道惹~好可愛阿(阿木融化了);貝兒絲樂園有《歐風輕食館》提供了簡單的薯條,三明治,沙拉等小點心;;試營運的菜單,價位很平價,美不美味我不知道~;洗手間規劃的很乾淨舒適;哺乳室空間也不小,有熱水,尿布檯,洗手台,整潔乾淨,對媽媽們來說很方便; ; ; ;;;;;;以上就是王妃上星期去&hearts;貝兒絲樂園Bears world&hearts;的實際體驗真心推薦給大家這間我自己也很喜歡的親子館種類豐富又多元,每個主題區都很用心在規劃,環境設施也很乾淨,隨時都有工作人員巡視這裡的收費是大人小孩都要買門票,大人100元可抵餐飲,需要入會費100元可以跟朋友一起買套票比較划算喔;;你們看,有人哭著不肯回去....因為這裡實在太好玩了(雖然他從頭到尾只玩兩樣);// // ;&hearts;貝兒絲樂園Bear sworld&hearts;地址: 台北市信義區基隆路一段155號B1(萬世大樓)電話:(02) 8787-0131營業時間:週日~週四(早上10:00~晚上20:00)週五~週六(早上10:00~晚上21:00)年齡限制:;六歲以下目前(1/15~2/1)有推出試營運活動,按讚分享就可以免費入會一年有興趣的朋友可以加入他們粉絲團了解苗栗更多優惠房價請點我宜蘭更多優惠房價請點我墾丁更多優惠房價請點我新竹更多優惠房價請點我花蓮更多優惠房價請點我台南更多優惠房價請點我南投更多優惠房價請點我;嘉義更多優惠房價請點我台北更多優惠房價請點我粉絲團喜歡王妃的分享就幫我按個讚讚+分享文章吧!;野蠻王妃(yifenko);文末王妃有&hearts;貝兒絲樂園Bearsworld&hearts;體驗卷;兩張要送大家105.2.15開獎13樓;翁燕芬(宅媽)41樓;;蔡彤妤;延伸閱讀&hearts;大樹先生的家二館&hearts;MR TREE STATION 大樹站開幕囉 !全台唯一英倫三池(火車球池,花園水池,大笨鐘沙池)▌台北親子館▌公館洛德城堡兒童樂園&hearts;小獅親子城堡&hearts;一張門票玩一天▌台北信義區親子館▌令人驚喜的親子館&hearts;貝兒絲樂園Bears world&hearts;沙坑。球池。撈魚。角色扮演好好玩;▌台北親子景點▌重溫兒時的回憶&hearts;台北市立兒童新樂園&hearts;一張悠遊卡玩遍園內13項設施&amp;遊園攻略分享▌宜蘭親子飯店▌有小孩必訪&hearts;蘭城晶英酒店&hearts;芬朵奇堡~孩子們的歡樂天堂! 2014全台十大親子飯店第一名;▌耶誕景點 ▌搶先看&hearts;2014新北市歡樂耶誕城&hearts;全國最高LED聖誕樹!倒數四天開城囉;▌台北親子餐廳▌&hearts;大樹先生的家&hearts;城堡球池.樹屋溜滑梯,沙坑,室內戶外都好玩的親子空間;▌台北親子餐廳▌樂高迷必訪&hearts;BRICK WORKS 樂高餐廳(小巨蛋店)&hearts;繽紛有趣,樂高隨你玩▌台北親子館▌捷運東門站&hearts;樂福Love親子館&hearts;CP值高.有沙坑,球池.道路駕駛體驗區,廚具組▌台南親子民宿▌超好玩樂高房&hearts;童莊親子民宿&hearts;除了溜滑梯還有可愛旋轉木馬與沙坑喔;▌台南親子民宿▌瘋狂溜滑梯民宿&hearts;迪利小屋二館&hearts;有樹屋的白雪公主房;;▌宜蘭民宿▌時尚繽紛&hearts; ;好住Goog living&hearts; 有兒童遊戲區.又可以戲水划船的親子民;;▌宜蘭溜滑梯民宿▌夢幻童話故事城堡溜滑梯&hearts;芯園~我的夢中城堡&hearts;艾莉絲幸福城堡親子房▌超夢幻城堡溜滑梯民宿▌宜蘭&hearts;聖荷緹&hearts;保證尖叫的親子民宿;;▌宜蘭親子民宿▌9萬人按讚! 大人小孩都瘋狂的溜滑梯親子民宿&hearts;宜人生活民宿&hearts;▌宜蘭親子民宿▌每個房間都有溜滑梯&hearts;羅東孩子王&hearts;鄰近羅東運動公園.民宿內有溜滑梯球池.是間適合包棟的親子民宿8.9萬人按讚;▌宜蘭民宿懶人包▌超強&hearts;60間宜蘭特色民宿總整理&hearts;;▌宜蘭景點▌真正透沁涼&hearts;東岳湧泉 &hearts; 比吃冰還消暑的戲水景點!同場加映南方澳觀景台
♥1Y 7M 13D ♥捷運美食x市政府站x親子||台北信義新光A8館的伽利略親子餐廳Galilei Family Brunch 超好吃的親子餐廳,54292,4,114,http://sardpnna.pixnet.net/blog/post/168358932, ;; 店家資訊：伽利略親子餐廳信義店 (www.galileibrunch.com)電話：02-2722-7718地址：台北市信義區松高路12號 新光三越A8館 4F營業時間：11:00am~21:30pm;; ;終於又找到第二間親子餐廳的餐點好吃了!!!第一間當然是淡水的"小布鋇鋇親子廚房"有了小孩真的很喜歡去親子餐廳,除了讓小孩可以奔跑玩耍也因此媽媽才有時間坐著聊天!!只是常常都碰到親子餐廳,打著親子的名號,端出又貴又難吃的微波食品常常讓媽媽們在美食跟小孩間掙扎....伽利略的第一間總店其實離士林很近,我卻好幾次繞在士商路,找不到店!而一在錯過,這次有小發糕媽媽的介紹,來到這間位在新光三越a8館的四樓的分館一間走這森林風格的早午餐親子館....; 舒服的原木設計,走出像是戶外玻璃屋的空間光是這裡用餐的感覺,已經讓我給予不少高分讚賞內,外區的設計玩具規劃在坐位區的中央用餐的爸媽也更能注意到自己的小孩,放心用餐;地板都有鋪設防撞軟墊，但是遊戲區內的玩具仍有很多硬的小部件，太小的小朋友家長還是陪著玩比較好。或是用餐時間如果小朋友太多,大人陪著也比較能減少小孩子欺負小孩的狀況!!我們用餐的當天就碰到大小孩打妮妮.大小孩的媽媽因為在裡面用餐,根本無法知道自己的小孩闖禍的狀況!!爸媽還是自己顧著自己的小孩會好一點!! ;;  我喜歡這裡還可以遠眺101,在這種環境讓小孩玩家家酒視野很好  ;; ;; ; ; ;;; 這裡不是走童趣的設計反而是走自然有質感的裝潢我很喜歡這裡的感覺;  吧檯區內設計的"點心櫃"甜點看起來都很精緻就算沒有小孩,來這裡吃蛋糕喝咖啡也很不錯的感覺   ;餐點價格這裡的價位大概200~500之間價格不算便宜,但是份量上很夠食用!!  ;;;; ;網路最推薦的餐點招牌!!伽利略一號餐 $330可以更選自己喜歡的麵包飲料也能自選..;兒童時疏燉飯 $220超喜歡這裡的兒童餐具延續森林風的設計餐具還是個小森林可愛的設計,飯都想多吃幾口重點是,兒童餐點料多,實在!!燉飯類的奶香搭配適合小朋友微軟的米飯豐富的蔬菜配料搭配廚師濃湯,新鮮的鮮果汁這裡的兒童餐,真的很推薦媽媽一定要點!!  ;近期來吃過最好吃的燉飯伽利略真的是可以拿第一了! 精選班尼尼克蛋佐荷蘭醬$320漂亮的程度真的跟menu一模一樣看起來超美味的,下次再去用餐,一定也要點上一份試試看! ; ;宇治抹茶拿鐵培根奶油蛋通心粉 $180好濃的奶油香,配上小顆顆的通心粉一口接著一口葡萄整個吃光光......這個味道不輸貝里尼的培根奶油義大利麵好吃~~~付餐可以選鮮奶或是果汁幫葡萄選了果汁,送來的新鮮現榨柳橙汁新鮮喝的到!!超美味~;  ;;奶油野菇義大利麵 $320餐點的價格不算便宜,但是上桌看到這麼多的配料價格也就能欣然接受了!!  ;杏鮑菇佐綠蘆筍義大利香料飯$340;;;上次在東區點過類似的餐點除了白白的飯跟不到一根的蘆筍這裡不只配料豐富,視覺顏色也非常漂亮;;只要是主餐的內容,都還有搭配主廚濃湯跟麵包 ;雖然餐廳沒有套餐的設計但是點用主餐,加價150飲料跟蛋糕,一次滿足 ;冰淇淋搭配布郎尼顛覆我對布朗尼很硬的印象這裡變成香軟蛋糕感搭配冰淇淋,就是絕品! ;這裡的餐點令人驚艷好吃的程度,肯定會讓人想再來!下面放些店內MENU,給媽媽們參考       ;;  ;   ;用餐有限制兩個小時;買單;;結帳時,出式"新光三越兒童卡"還可以享九折優惠!!甚至還能免費停車兩小時...; 伽利略餐廳外更是戶外的親子遊戲區憑著(a8 4,5樓的發票不現金額都可以)剛剛消費的發票,還可以免費搭乘森林小火車;;;   ; ;  非常搖晃的火車,小朋友都必須有媽媽陪同才可以玩唷!由於搖晃過於激烈孕婦不可以搭乘 ;  ;我非常喜歡A8這個戶外場地,讓小朋友可以盡情的奔跑!;; ;在這裡如果不是硬把小孩拖走這裡應該是小孩天堂了;;  ;;;;; ;;;       ;;;一次三十元的手動車車可以讓小朋友控制方向,當然多半都是失控的狀態~ ;;;;; ;; ;   這裡也是爬上爬下玩不完! ;  ; ;接著溜滑梯也玩好久~;          在外面已經盡量不讓葡萄喝母奶葡萄用渴望的眼神看著發糕媽...   ;a8五樓辦卡原來新光三越兒童卡優惠多多,除了免費停車每年生日還可以領小孩的生日禮只要有小孩的爸媽們,一百塊的工本費就能辦理!第一次申辦還可以拿到辦卡禮;;   ;;葡萄甚麼也不懂也跟著宥宥看車車小發糕跟宥宥兩個人都有幾十台的小車,車庫應該都可以尬場了,男生果然不一樣;;      結束今天混亂的用餐,卻來不及大合照,真可惜媽媽幫的活動越來越熱鬧^只好下禮拜再約~ ;伽利略第一小布鋇鋇第二兩間都是餐點好吃,又好玩的親子餐廳......如果有媽媽們,吃到更好吃的親子餐一定要再推薦給我唷!!!帶著推車吃喝玩樂太好玩....這一篇如果有幫助在幫我們按個讚唷親子餐廳的相關閱讀捷運美食x蘆洲站x親子x群嬰亂舞 ||賀！"阿寶"度晬抓週趴 奧莉維亞主題餐館VS.傑洛米親子童樂館;&hearts;1Y 5M 19D&hearts;群嬰亂舞X台北 大安||童年空間 親子成長館 消耗小童體力的好去處;&hearts;1Y 4M 24D &hearts; 淡水 || 原來親子餐廳也能很好吃"小布鋇鋇親子廚房"淡水紅毛城對面;{群嬰亂舞}好大好好玩的騎士堡~美人魚的家 (京華堡);&hearts;1Y 1M 22D &hearts; 親子餐廳 ||相約一歲娃 到士林捷運旁的 伊莎貝拉 親子餐廳;;;;
▓ 大 推 ▓ 寶貝の烘焙童樂會 ♡ 屬於親子間DIY美好時光@台南 小巷裡的甜點屋X舊烘爐生活學坊 ♡,1416,1,62,http://ohmysoon.pixnet.net/blog/post/408467428,;;;;;;;;;;以手工餅乾起家的小巷裡的甜點屋近日來開了不少糖霜餅乾課程雖然也是有燒到我(想要去玩玩)但因為假日要顧孩子實在是無法前往啊(遠望...)幸好!本身也有孩子的草莓姨姨有聽到孩子媽的心聲;♡開始規劃了屬於親子的課程，也喬了幾次時間終於在週日敲定案。(拍板)-----------------------------------------------------13:00開始，課程在舊烘爐生活學坊 (7-11旁邊一棟民宅)ADD：台南市安平路99-1號位於安平附近(假日人好多喔~如果早點來還可以來附近逛逛順便觀光呢)也是生活，也是旅行(今天來玩甜點，也是玩小孩)今天草莓姨姨是親子開課第一發 採試課性質-所以只有邀請三組親子一起參與映入眼簾的迷你版的小桌子與小椅子(被拉回到了幼稚園時光...)&rarr;年代久遠已不可考!! ;;;草莓姨怕小孩衣服弄髒還特別準備了小小孩的圍裙跟袖套真是太可愛啦~~~(媽咪也好想要一組呀);;倆人著裝完畢(開始拿著攪拌器跟搗麵棍開始好奇了...);      ;PART1：杯子蛋糕製作教學老師示範教學ing小小孩們集中到前面解說(家長也很認真仔細聽著);;;;;;; 輪到我們上場啦!!攪拌奶油;加糖粉&rarr;加麵粉&rarr;加蛋; ;差不多囉&rarr;加入茶葉(兩個小妞搶著幫忙);   攪拌完成的麵糊裝入小紙杯;;;;;;噹啷~杯子蛋糕麵糊置入完成;; 送入洞房烤箱...;等待時間...接著PART2擀草莓姨宜準備好的麵糰做餅乾囉&hearts;擀麵糰ing;;;; 壓模ing(桌上有準備餅乾膜，有小松鼠與多多龍) ;;;;;;; 到底是媽媽在逗小孩還是小孩在逗媽媽呢?;  ;;;;;;;;; 簡單的小東西可以讓他們參與一起製作 ;; ; 餅乾壓模完成送入烤箱兩個孩子要求把鼻抱抱~想要看看在做三溫暖的松鼠;;等待餅乾烘烤與杯子蛋糕的時間小月亮拿起了桿麵棍想要打鼓(妹妹有練過，大人不要學)\ ;    餅乾出爐啦~~~小星忍不住問：媽媽~可不可以吃餅乾了啦...;;  再等一下下吼我們要幫松鼠跟熊貓劃眼睛跟衣服...  這也是草莓姨準備好的奶油糖霜倆妞看媽媽畫畫好專注喔給小星下手比較簡單的(松鼠的腮紅啊...)  再來蛋糕出爐啦等杯子蛋糕涼掉後草莓姨擠上奶油與卡士達後讓小朋友參與簡單的裝飾過程 很多種口味繽紛的糖果跟裝飾小卡&hearts; ;小星：加什麼好呢? ;(陷入沉思ing)兩個娃兒把手上繽紛的裝飾糖小心翼翼的放在杯子蛋糕上; 噹啷~完成了; ;看起來是不是超可口der? ;;龍貓跟松鼠餅乾也好可愛餒兩個人看著烤出來的蛋糕超級得意跟有成就感的說☺   ;拿了湯匙立馬開動~吃著自己做的蛋糕(挺胸) ;貼心的草莓姨姨，還有準備外帶蛋糕盒與包裝袋讓你打包家(這盒子也太精緻了吧~感心)  ;;謝謝小巷裡的甜點屋好捧友草莓姨用心舉辦以及邀請，讓我們一家子渡過一個很棒的假日下午DIY時光&hearts;▓ BLAIRE之不累了 碎碎念 大 推 原 因 ▓草莓姨約我帶小星(3Y6M)參加親子DIY，本來擔心小月亮(2Y3M)無法同樂同樂;;;也怕兩個孩子注意力無法集中雖然上課時間是13點開始(很多孩子的午睡時光)，但是因為邊做邊玩還會有奶油蛋糕味~所以孩子們的專注力比我想像中的棒!2小時很快就過去了!而且完全沒有我所擔心的不耐煩哭鬧情形發生場地限制所以是小班教學;，招生適合年紀3-6歲，課程朝簡單有成就感的方向設計親子一起DIY從蛋、麵粉、奶油看到杯子蛋糕成行...寓教於樂~無價!!;;; 附加價值：教室在安平區，去DIY還可以順便去逛逛老街~你看~我做的餒!!(超驕傲)恕不知大多都是媽媽含著淚代工;░小巷裡的甜點屋X烘焙童樂會 課程資訊░▊$1000/2個HR兩種課程(杯子蛋糕/可愛動物餅乾)▊若是1大兩小使用ㄧ組器材，第二位小朋友就酌收點心場地費200元詳細更多問題請私訊小巷裡的甜點屋 ;░同場加映░♛小巷裡的甜點屋♛ 不只有糖霜餅乾 還有好好吃瑪德蓮貝殼蛋糕啊啊啊❤; &rarr;他們家瑪德蓮很好吃喔【食記】台南-隱身小巷裡的美味早午餐「小巷裡的拾壹號」; &rarr;有點久的食記，有更新菜單了!(等我有空再來吃吃嘿)
[親子創作] 塗鴉。黏土 彩色泡泡糖樹 ,1712,3,18,http://rubeelittle.pixnet.net/blog/post/163219049, ;今天在家做的 art project 是色彩繽紛的樹這次使用的工具包括幼兒專用顏料刷具手作膠帶輕黏土主題雖然是預想好的但是往往成品都是很難預料的首先先用手作專用膠帶再畫紙上先黏好樹幹的樣子這種膠帶有暫時的黏性事後撕起來不會殘留也不會破壞紙張但是可能我買的這個牌子沒有很好撕起來時少部分圖畫紙還是有破不過大致都還算好我們就隨興的黏了兩棵樹當然 Rubee 也在旁邊幫忙黏 ;今天刷具選了滾筒型的跟兩個大小不同的圓形小海棉棒 ;我們先選了綠色當底開始滾囉! 將白白的圖畫紙都填滿一直吵著還要擠多一點顏料 ;選了粉紅色來蓋在樹上當作是花這樣;;;;陸續又加入了黃色跟紅色畫紙上蓋滿了色彩鮮艷的花兒後轉成在顏料盤上玩了起來在盤子上塗塗抹抹了好一陣子 ;圖畫紙上蓋完大概就是長這樣 ;待畫紙上的顏料乾了之後再小心的把膠帶撕起來就會有樹的樣子出來囉!臨時突發想說再加一些輕黏土在樹上好了整個會有更立體的感覺我先幫 Rubee 將黏土滾成一球一球的再讓她自己將這些黏土黏在樹上她超愛的一直說還要多一點 自己拿了橘色要來黏;;; ;就這樣囉!完成 ;[延伸閱讀]義大利 GIOTTO 黏土派對 揉揉捏捏強化小肌肉;義大利 GIOTTO 易清洗兒童顏料 玩顏色;Rubee;❤ Facebook;
【黏土課II-1】速食小時鐘..,99,1,5,http://nekohsiao.pixnet.net/blog/post/25775271,;數字部份是夜光土哦!小姐一直催著我快點記錄..其實她殊不知她娘懶病發作好久了~;大蒜麵包,內料也是小人們自己做出來的哦!;薯條...據爸爸說M是他做上去的,小姐沒辦法搓到那麼細!;波蘿麵包跟飲料..小姐一直強調這個都她自己做的!;最後是漢堡.... 也挺像樣的!前二天我哥拿了一些黏土工具來給小姐,都是"教授太太要"(我哥的朋友)送給小姐的...幼稚園的通知單裡也有黏土這項才藝課,價格比kitty老師這裡便宜一點點,但是我跟老爺都覺得還是要讓小姐在kitty老師這裡上課因為比較過後,這邊的土較好,工也較細..作品出來的成就感也會比較實用且大~不過我們還是有問過小姐意見..她自己也說她要在kitty老師那上課,所以星期六的中午還是得是父女二人的親子黏土時光 v.s.媽媽的哈拉閒聊時光了...:p;
＜宜蘭住宿＞礁溪山泉大飯店。初秋泡湯美食好選擇～,13594,0,35,http://rechal63.pixnet.net/blog/post/52525204, ;趁著暑假尾巴，和紫色老妹一家人到礁溪泡溫泉渡假，順便讓三隻小鬼一起玩水。這個暑假貝果睿被我們養大胃口，只要看到水，眼睛就發亮，拼了命也要往前衝呀～山泉飯店在礁溪算是數一數二的高樓，附近完全沒有遮蔽物，不但依山塝海，而且還可以遠眺龜山島。 ;大廳窗明几淨，小而美。這次入住最高樓層12樓，一進門，兩張大床映入眼簾～一人已先佔據一張床～;;哇～還有超大50吋液晶電視，小豬們說：用來看喜羊羊，灰太狼一定特別大隻。哈。。。。;;;;備品一樣也不少，還有日式浴衣。;;若不想下樓泡湯，房間內就可以泡湯喔！等大夥兒準備好就上頂樓喝下午茶了喔～每個人都來一盤綜合拼盤（午茶甜心）外加一份茶飲;;它的茶飲比一般飯店還正點，大大的一杯口味也很讚，你看那壺水果茶，色澤及份量都很到位，值得一推！ ;;; ;頂樓則是一望無際的蘭陽平原及龜山島，坐在這裡喝下午茶，涼風徐徐吹來，真是一大享受！ ;吃飽喝足後，著好泳衣，下樓玩水囉～位於中庭，想不注意都難。分成兒童池與spa池，會有溫度計顯示池內溫度為多少兩池溫度都介於36－38度之間 ;記得一定要換泳衣才能下去玩喔～三隻小鬼在裡頭玩得不亦樂乎，即便已經初秋，也不怕著涼。 ;亮亮豬看著冒著泡泡的泳池，開心的拉著貝果睿坐著泡泡上面，直說我放的屁好大一個耶！;;一旁還有男女裸湯。屬於水質清澈的碳酸溫泉，水溫約57度，其中含有一種稀有的;「酚鈦鹼」元素，對於皮膚的美容具有相當功效，目前除了義大利外，非礁溪溫泉莫屬。;; ;吃完晚飯後，又來到飯店內提供的另一項設施 「溫泉魚」山泉飯店是礁溪第一家引進「溫泉魚SPA」，俗稱的Dr.Fish。也就是溫泉池內飼養兩萬尾溫泉魚來為客人按摩，牠僅適合生長在水溫約33～38度的水中，而且長到身長約十公分，就無法再繼續飼養。; ;將雙腳踏入溫泉水中，小魚便朝向腳靠攏，用的小嘴輕輕吸咬腳趾和小腿，除了可以吸食死皮後，還能把殘留在表皮毛孔中的細菌及髒東西吸出喔！ ; ;;;;;;;對吧，很多溫泉魚在裡頭，超幸福的！ ;泡完腳後，回房看看夜景。真是熱鬧的礁溪！ ;早餐也採自助式，中西式早餐一應俱全。;;; ;;沙拉、水果、中式小菜、熱炒，想的到的都吃到飽。 ; ;還有當地的特產「鴨賞」也列入其中。接近十點早餐還是接近滿點。;;;; ;秋天到了，來趟輕鬆泡湯美食之旅，礁溪山泉飯店會是另一個好選擇喔！;礁溪 山泉大飯店查詢空房及隱藏優惠礁溪鄉礁溪路六段36號電話：03－988－7979 分機 5blog：http//king.cru.com.tw/sun_spring/;
妹：親子美學－黏土「新年吉祥吊飾」 ,253,0,16,http://toycandyhouse.pixnet.net/blog/post/29551771,;;新年快到了，一起來想想看，水果代表吉祥話的有哪些呢？;;馨妹選定要做"大吉大利"的橘子，先將黃色和紅色黏土揉捏混合;;揉成圓球後壓扁;;再將壓扁後的黏土用白膠黏在半球形的保麗龍球上 ;;利用黏土工具做出橘子表皮的凹洞剪葉子;;用咖啡色黏土做出梗;;;;甜心做的是「旺旺來」的鳳梨;;全部組合起來，還真的很像橘子;;要準備將橘子黏在厚厚的紙板上囉;;用麥克筆寫下吉祥話 最後貼上亮片或塗上亮片膠做最後的裝飾;; ;;我們的新年吉祥吊飾，很棒吧！;;;祝大家新春愉快，大吉大利旺旺來唷！
星星熊☆~圖塗菓工作室--課程點數資訊~☆,27,0,4,http://akane691115.pixnet.net/blog/post/257772364,☆圖塗菓工作室☆~~（親子黏土繪畫藝術教室、珠寶黏土及甜點黏土飾品手作）    ;不定期推出成人或寶貝的黏土及手作教室，現推出效期六個月的12點課程點數卡特價只要3000！平均1點只需250元，每點可抵350元圖塗菓工作室推出的各項課程，包括繪畫、黏土、飾品手作等，絕對超值！千萬不要錯過唷～～報名請填G單並匯款即完成報名手續，有任何問題歡迎洽詢「劉曉茹」或來電0913195805唷～https://docs.google.com/forms/d/1hyDo7iwXmymvvmt5ZMUosTEft-A3Kgv9IP3JlMCSQ6o/viewform
行天宮親子館課程:著色與捏黏土(2y9m4w),213,1,32,http://hazelhazel68.pixnet.net/blog/post/41384509,;;;上課前先來個暖身，老師放音樂........一個拇指動一動....唱歌跳舞真快樂每次看女兒跳舞暖身，都覺得好可愛，先集合小朋友們，老師先介紹蠟筆顏色...老師跟義工媽媽先把桌子擺好後再讓小朋友開始入座，今天要著色，所以就先在桌面上鋪個垃圾袋保護一下桌子這樣志工媽媽等等才比較好清潔老師拿出列印好的圖案，讓小朋友著色我平常不太喜歡讓小朋友著色，偶爾畫就還可以接受接著就是休息時間了，又可以開始看書囉;;動物園!數數看，這本書的也很可愛，剛好適合兩歲多的女兒看數數看有幾隻犀牛角;;;;有幾隻小獅子在草地上翻滾呢??;草叢裡有幾顆鱷魚蛋呢? 昆蟲捉迷藏，結果一拿了這本書 ;翻一翻不喜歡就又放回去了= = 馬上被旁邊小朋友玩的這個板子所吸引了 這個板子可以訓練手眼協調的能力 有各種不同的線條可以練習 小仙女的幸福之家看完這本書後，小米菲很快的又被樂器吸引了先拿鈴鼓跳跳舞  好開心的滿場跑 打打小鼓    敲敲木琴，木琴的聲音還真好聽耶!!好清脆 ;敲擊的時候感覺好好:)接著第二堂課開始囉，老師先介紹黏土，還拿出很多不同形狀的模子出來先示範一下怎麼使用，用黏土的注意事項等先揉出一個圓形後壓扁，就可以開始押在模子上再使用工具脫模(不過我家小米菲 ;都很粗魯)一使用工具拿起來黏土的時候，整個很用力 ; 黏土形狀整個都變形了~ 用剪刀也可以剪黏土她在當老闆要煮菜給媽咪吃老師說可以下課了，媽咪立馬開始照相 結果我們這一桌的小朋友最快離開，其他小朋友還在玩黏土~~米菲收好工具洗好手後就跑去請老師蓋印章;;上禮拜阿姨本來還買了冰淇淋過來要給寶貝們吃，但我們離開沒吃到天氣好熱，阿嬤交代媽咪趕緊補買全家的冰淇淋讓寶貝們吃!!!還蠻好吃的，但是也太快融化了吧!!!
【親子活動】黏土課體驗 in 愛媽媽親子食堂,416,1,13,http://plumtywewe.pixnet.net/blog/post/56658606,好奇新新對於黏土課的接受度;於是和朋友相約參加了愛媽媽親子食堂的黏土課體驗;;活動一開始漂亮的老師先進行繪本的切入老師本身除了漂亮之外，讀繪本的功力也不錯第一次見面的孩子們都很認真地聽老師讀繪本這次讀的繪本是跟生日蛋糕有關所以黏土課也是要做小蛋糕孩子們一邊看老師示範、一邊自己認真地模仿新新的作品媽媽我只有幫忙裝飾一下下層的太陽和星星其他的部分都是和老師一起口頭指導他自己完成的黏土的課程可以讓孩子接觸不同平常觸感的東西也可以順便訓練手指小肌肉的靈活度難怪坊間有這麼多教幼兒黏土的課程有機會我覺得是可以帶幼兒體驗看看這樣的課程！！
│台北。東湖│吧哪娜BANANA親子餐廳。隱藏巷弄孩子的快樂天堂,7479,5,41,http://yujuan162.pixnet.net/blog/post/184714908,週末第一天，在家其實頭上很冒火老娘透清早起床開始馬不停蹄忙東忙西，進廚房煮到一身汗結果從洗衣、煮飯、洗碗、忙小隻&hellip;趴啦趴啦！我家兩個男人從頭到尾電視、手機不離身如此悠哉納涼日子過很爽的畫面，整個覺得和已濕背的老母成了強烈對比最後還給我糾糾進房～老娘曬完衣服回來&hellip;一開門就是一人一台電腦！早上10點-下午3點，電視&mdash;;手機&mdash;;電腦！對平常不愛讓孩子碰3C的我，內心怒火已激到最高點&hellip;&hellip;男人！！自己看著辦&hellip;不要等到老母出拳才懂得收斂（瞪）深覺如果今天一直這種症頭壞情緒再苦蹲在家，一定會家庭失和這樣然後腦袋突然閃過原本要之前帶小維哥去的親子餐廳「吧哪娜BANANA」拿起名片，速速卡電喂&hellip;我需要出門呼吸自由的空氣！結果竟然還真的給我卡到位了～唷呼！;提到了親子餐廳最不能少的就是兒童遊戲空間;位在東湖國小旁巷弄，搭程捷運文湖線-東湖站步行約10分鐘的腳程 「吧哪娜BANANA」若是開車前往可直接停在東湖國小地下停車場非常方便從去年10月試營運至今每每到了用餐時間一定是場場大爆滿，沒提前預約只能在門口坐乾板凳日頭曬昏頭&middot;&middot;＠＠「吧哪娜BANANA」主要是以義大利麵、排餐&hellip;為主的的親子餐廳位在巷內三角窗位置，非常醒目好找，擁有超過20坪的獨立遊戲空間今天的目的～就是想讓小維哥耗盡在家爆走的體力然後老母想一個人放空&hellip;腦袋空～空～（（敲木魚&hellip;在入口處設有無障礙坡道方便推嬰兒車時上下使用只不過個人覺得有點偏抖～雖然餐廳是位在巷弄，但車子進出非常多無論推小人推車或是孩子自己行走，下坡時一定要特別留意速度丫&hellip;上了平台後，右側有個露天&hellip;但曬不到太陽的小沙池在炎夏想帶孩子玩沙，除了到海邊&hellip;此刻又多了一個選擇囉！這裡的沙池是顆粒較大的小砂石，不易沾黏&hellip;店家還貼心附上挖沙給Ｃ當然淨身用的洗腳區也幫大家設想好了！之前經隔壁麻介紹，曾來過一次&hellip;但沒提前預約只好下次再見讓滿心期待的小維哥好失落！這次巧不巧剛好就給我們預約上了～～「吧哪娜BANANA」美其名店內裝潢也都有芭蕉樹的裝飾;滿牆盡是繽紛畫作和感覺非常適合放潮T上的圖像，吸引孩子目光;共分設兩層樓： 1樓用餐區+B1遊戲區1樓用餐區～整體裝潢帶點美式鄉村風，柔美卻繽紛的色調非常舒適在兩側牆上有B1遊戲區60吋錄影監控顯示螢幕;大人可以在樓上用餐和姐妹聊八卦講男人壞話，還能同時掌握孩子的遊戲情況但如有小寶寶，建議還是大人一起陪同比較安全唷！（（（這環境怎麼覺得應該要包場看一場世足賽、喝個必魯點幾道下酒菜之類的）））媽媽是有多想買醉？！？！; ;無論是家聚，或是慶生都挺合適的&hellip;;;;;;現在的 「吧哪娜BANANA」和之前不太一樣的是合室區的前身是給2歲以下小寶寶爬行的遊戲空間; 店內還附上桌遊，疊疊樂、彈珠走迷宮&hellip;整個連大人都照顧到了&hellip;;洗手間規畫了小人洗手平台除此之外，還有尿布台和哺乳室哦！不過媽媽我出門在外，很少窩進哺乳室&hellip;都嘛一條哺乳巾走天下&hellip;迷你寶暢飲不設限有別於一般親子餐廳～這裡還有為很容易打翻水的孩子所準備的專用水杯&hellip;（果然明智迷你寶從吃副食品開始，我就讓他練習喝水～尤其在這炎炎夏日，補充水份真的很重要在食慾不佳時，適時的給水～可以讓副食品吃得更順口哦初期在適應階段其實多半都是咬開心～喝不到半滴水&hellip;但之後水杯拿習慣～每次小吸到一口水媽媽鷺吝給予的讚美聲~~~會讓孩子有意想不到的突飛猛進現在無論是吸管～或是直接水杯飲用都難不倒他了！ （（（愛的拍拍手鼓勵可愛的是餐墊紙竟給了小遊戲，設計了兩款迷宮跟連連看！！讓孩子練習專注力之餘更增添了用餐樂趣，真的好用心呀！【特級牛肉燴飯／NT$ 295】 之前的菜單有焗烤系列&hellip;但本季新菜單以義大利麵和燴飯為主&hellip;這道帶有黑胡椒調味，所以有些微偏辣哦！單點單價 280～360元，以份量來說&hellip;對我這巨人胃是有點少了些&hellip;可再加價升級套餐！美味度算是親子餐廳裡還不錯吃哦！; 【日式咖哩豬排／NT$ 295】 豬排厚薄度剛好，每天廚房現點現炸～外酥內嫩&hellip;好啾C！！當天用餐不少人點這道&hellip;想必也是一道熱門ＴＯＰ餐【黃金波浪薯條／NT 110】; 這一道端上來我真的有嚇到～份量多到驚人&hellip;超大一鍋2大1小吃完應該會變〞痘〞花家族&hellip;所以如果要點這道～建議還是多人一起分食比較適合&hellip;; 【飄浮冰咖啡／NT 140】 這畫面多幸福丫&hellip;（（（明明出門前還被這三個男人氣個半死&hellip; 不過話說回來，老北出門在外，奶爸工作是真的當得很稱職才能讓老母走到哪～拍到哪&hellip;一篇篇的親子文就是這樣生出來的！但在家就真的&hellip;還有很多進步空間！(((抽鞭&hellip;&hellip;我懂得男人外出工作的忙碌和返家後想放鬆的心情但全年無休的全職媽媽～什麼時候才能獲得自由&hellip;肩膀好沈重！ （（50肩&hellip;迷你寶人小志氣高？NONO~~~是人小嗓門無敵大才對&hellip;最近真的是自己粥都不愛～獨鐘大人手上那一碗&hellip;愛吃白米飯啦！前天才煮了宅媽DIY〞地瓜麵疙答〞，老北還問有沒有多的可以讓他加到綠豆湯自以為是在吃地瓜圓就對了～這麼捧場！反倒是迷你寶～媽媽煮了一小碗&hellip;他只吃了3坨第一次試做形狀有點招經～改天研究好如何塑形&hellip;再來分享小人食譜給大家嘿！只是大人食物不給吃還給我上演高分貝〞獅吼功〞&hellip;MY GOD！明明我和老都是秀氣派的（自己講這樣對嗎？）～卻生出兩隻大嗓門@@&rdquo;這面這張是一手芭樂一手鳳梨&hellip;呷促咪！B1遊戲區，充滿童趣的梯間‥;吧哪娜BANANA遊戲區是FRO用餐的小客人使用哦！占地約20坪～還有安全門，入內都需內著襪子一走進遊戲間右側的Disney wall～讓小維哥面壁站了好久～;女孩兒最愛的扮家家酒系列＊ little tickes廚具當然小男生也是可以當丫基師啦&hellip;RODY跳跳馬、小車、積木、故事書&hellip;具早教功能的玩具種類選擇非常多元另一側的池也是常常讓小孩HIGH翻，但前不久上粉絲團看到一則新公告：「根據 〞各行業附設兒童遊樂設施安全管理規範〞滑梯與球池 不可在同一空間？」蝦灰？！在球池裡不就是要讓孩子享受滑梯溜下被彩球包圍的速度感嗎？那～那～那坊間一推滑梯＋球池的遊戲室&hellip;叫大家該如何是好？滑梯、球池～以後真的王不見王？！？！;小維哥的力氣好驚人～竟然抱得到9公斤的迷你寶，然後移身約10公尺距離老母在旁可是看得心驚驚吶&hellip;但迷你寶的臉上卻看不到任何一絲的恐懼難道對哥哥〞有愛〞行為已習以為常？;;是說大家有發現下圖這張哪裡不一樣嗎？嗯哼‥; PIZZA是哪招？！（（老北說找不到遊戲圓板&hellip;先用PIZZA代替這樣哥哥真的很愛這樣熊抱&hellip;;;&rdquo;把迷你寶放在池盡頭&hellip;想到出口&hellip;必須靠自己努力！加油！孩子&hellip;越爬越聰明^^推薦給大家哦！;;原文連結：http://yujuan162.pixnet.net/blog/post/184714908/;;吧哪娜BANANA親子餐廳地址：台北市內湖區東湖路119巷8號電話：(02) 2632-0107營業時間：11:00-20:30(六日10:30-21:30);;
【台南】真心推薦-走多元路線的Come on baby親子遊戲室(攝影/包場/活動/親子課程/遊戲室),3191,0,25,http://cartilage461.pixnet.net/blog/post/60950455,營業時間: 9:00 ~ 20:00地址:台南北區育德二路492號(旁邊是中醫診所)電話:06-2521710LINE ID: comeonbaby0509費用:一小時100元 遊戲卷一本10張800元FB粉絲團：Come on baby親子遊戲室;;因為羊本身是攝影師所以假日幾乎都要工作，就變成我常常得假日自己帶羊恩趴趴走.....有時候懶的出門想跟他窩在家,他還會抱著我的大腿拼命的要拉我出去~所以每到假日我都要很傷腦筋要帶他去哪;;;之前有一段時間常跑騎X堡或是台X的嘉年華親子堡,後來南紡夢時代開了也會跑去小X士....不過都好遙遠@@ 然後羊恩又很好動,每次騎車到百貨從停好車到走到目的地.....我的腎上腺素都會升高很多次;; ;實在是不想在百貨公司大庭廣眾之下怒吼(((((啊))))); ;;到了遊戲場，因為假日玩樂的孩子真的好多好多.....現在治安又很可怕@@ 搞的我都要緊盯羊恩全場跟著跑ORZ((就算有專人會管制進出的人,我還是不放心));;然後人多碰撞就多....羊恩永遠是那個碰人家的,我就要一直瘋狂的道歉...然後更緊迫盯人的防止他碰到其他孩子~有時候遇到更兇的孩子會打人(不一定是打羊恩),我還會找不到對方的家長來制止(每個都在低頭滑手機...根本不知道誰是誰)我也不能去管教別人的孩子....就只好安慰哭的人....然後把羊恩帶遠離那區.....所以最後累趴的人永遠是我~ 那台超強馬力大火車根本不會累..... ;;; ;雖然遊樂場的空間大,可是仔細想想遊樂場的人非常多~ 每個孩子可以活動的空間非常有限....玩具其實也沒幾樣!每次去遊樂場孩子們幾乎都卡在溜滑梯,有幾次還要現場工作人員管制@@ 就每個孩子要一個一個排長隊伍,都坐定位下面也清空之後才可以溜下來.....缺點其實也滿多的!~;; ; ;後來,讓我發現了台南原來有很多"親子遊戲室" 這種地方解決的我的所有問題啊!!! 所以有陣子假日就是帶羊恩往遊戲室跑......偶然的聊天,我妹決定要來開一間遊戲室!!!~ 因為她之前就在幼教工作,本身也非常喜歡小孩子(只能說他保有一顆童真的心)就這樣一個溜小孩的好地方 Come on baby 親子遊戲室 誕生了!!~ ;真的要大力的來私心推薦給大家了~~車子停門口,孩子就可以直接進去玩非常方便,開車的話附近也都很好停車!雖然遊戲室空間不大,可是玩具種類真的好多好多! 還有一個球池跟溜滑梯可以玩 ;這裡很多玩具都是從日本扛回來的,尤其麵包超人玩具連媽媽我都很愛XDDDD 每次都跟楊恩玩烤麵包喝紅茶付錢就可以玩很久了!! 搞得我好想扛一組回家啊!!!! ; ; ;這裡還有德國HAPE木製無毒玩具,有廚房..漢堡..熱狗..還有烤土司以及小男孩喜愛的工程組!楊恩每次來就衝去說要修理東西^^在那邊敲敲打打轉轉的就可以耗他很久時間了! ; ; ;Hello Kitty的玩具也很多,不僅小女生愛玩羊恩也很愛XDDDD 又切菜又泡茶的....整個配備齊全啊!用亂了就跟我說要拿吸塵器整理乾淨~就真的拿Kitty的吸塵器說很辛苦地在做家事((哈哈哈哈哈))每次我都被他搞得在這裡笑得很大聲 ; ;最近很受歡迎的 POLI波力這裡當然也有!還是可以變型的波力耶~~~ 有個基地台可以帶著走,隨時可以變身為機器人的波力車! ;捏泥巴 捏泥巴 捏捏捏捏 捏泥巴~很耳熟的歌吧XDDDD 陪羊恩看粉紅豬小妹看到我都會唱了~ 有可愛的露營車跟火箭 ; ;鋼琴是每個小女孩的最愛吧~ 有模有樣的彈奏 也很有趣呢! ;這裡的玩具種類種非常多,所以完全不用擔心孩子會沒東西玩~ 而且人潮也不會像遊樂場這麼誇張,家長可以很放心的坐在沙發上面休息沙發這個區域也是飲食區,除了白開水之外飲料食物都要在這裡吃 ;還有販賣一些香香妹從日本扛回來的一些用品以及韓國製童裝,真的是讓孩子玩得開心媽媽買也開心啊!!~ ;牆壁上掛的是我家羊羊的親子攝影作品^^ 目前也有配合遊戲室做包套活動想要拍攝親子戶外寫真或是家裡寶貝要開抓周.生日趴踢可以來遊戲室包場,再搭配攝影紀錄整個活動!幸福微笑-影像工作室：網站連結(按此進入);;還有還有~~ 別看這裡小小空間喔! 還有各種親子課程耶~~~~~~目前配合的有Happy老師的繪本手作課 以及 君孺老師的親子烘培課所有的課程都會在FB的粉絲團上面公布喔(按此進入粉絲團)~~;;我給那隻好動的頭號火車羊恩通通報名了!!!!! 想要訓練他坐著聽故事培養耐心.習慣團體生活,藉由烘培學習等待訓練細心度!親子課程增進我們母子之間的感情~~~~((其實感情已經很濃厚了XDDDDD))快點帶著寶貝們,一起來遊戲室跟羊恩一起玩吧~~~~~
台北生活圈‧金山淡水親子一日遊,25256,1,20,http://naughtyangel.pixnet.net/blog/post/39233219, ;這篇親子一日行必備交通工具「車子」，規劃的目的是「讓孩子上車就是睡覺」，而父母則可以輕鬆的話家常..........(懶人包系列);路程建議：AM10:00 淡水捷運站AM12:30 25 second 義式咖啡館(午膳)AM15:30 朱銘美術館AM17:30 富基漁港 (晚餐) 或 海灣溫泉會館晚餐+泡溫泉 (或游泳)AM19:00 快樂賦歸 ;第一站：10:00淡水捷運站：吃完早餐當然準備好讓孩子好好的放電一下，記得一定要準備好各種放電工具，比如：球、泡泡吹、飛盤等等........若餓了可在老街吃吃喝喝; ; ; 第二站，12:30午膳：25 second 義式咖啡館。可以在海岸邊大口吃披薩、薯條、烤雞，這裡也是知名的親子餐廳哦用完餐後，等太陽小一點，可以帶小朋友到戶外，餐廳旁邊就是芝蘭公園，25 Second 讓我很感動的是，他不止在室內放了小朋友的玩具，連戶外都有為小朋友準備，這台飽受三兄弟折磨的小車車，就是25 Second 準備的，另外還有準備了一個戲水遊泳池，足感心ㄋㄟ ;25 Second 住址：台北縣三芝鄉淺水灣北勢子41-7號(台二線16km處．佛明哥天橋旁) ;第三站：3:30 朱銘美術館，在這不但心情變好連視野都變廣了^^美術館票價為： ‧全票：250元(一般民眾) ‧優待票：220元(學生、65歲以上長者) ‧優待票：125元(持殘障手冊者) ;這裡還有親子DIY區，也有遊戲室等，值得一遊哦 交通資訊：新北市金山區西勢湖2號 TEL 886-2-24989940 1.)高速公路&rarr;於北二高(即國道3號)基金交流道萬里出口下，並依指標往金山、萬里方向，並依美術館指標行駛2.)省道&rarr;經省道2號至金山〔39.7 km〕，並依美術館指標行駛; 第四站，5:30富基漁港，當然累了要來撫慰一下五臟六腑囉~~[圖片引用於新北市文化局網站];第五站：【金山】海灣溫泉會館，如果還不想先吃的朋友，可以來這游泳或泡溫泉哦，也是一大享受 交通資訊：新北市金山區磺港路這就是最後的目的&rarr;上車秒睡............; ;;;看了上面文章的朋友，還看了下面的文章.......發表時間文章標題2008-10-01淡水美麗花園-大屯花卉農場2010-07-14[就是愛趴趴走]淡水石牆仔內百年古厝+大屯花卉農場一日遊2009-04-21滬尾是拍照的好地方，但要有好的相機2009-08-11[親子餐廳] 可以待一整天的 25 Second2009-10-21秋高氣爽三芝撿貝殼去~2010-10-20八里淡水一日遊2011-07-20樂活淡水 ● 大屯花卉農園2013-02-08身聲大地異國樂器響宴‧祈雨棒DIY;
[台北親子遊] 士林-台北花卉村,426,0,17,http://metty5533.pixnet.net/blog/post/175558305, ;春天到來,處處都能賞花...住在台北真的很幸福,有後山的陽明山可以踏青,現在連是區內都有個花卉文創園區可以放鬆一下交通很方便,如果要自行開車,園區內也有停車場可供停車一下車到處皆有這般有趣的陳設,讓人不自覺心情都好;或許是清明節前一周,所以園區內人潮並不多這樣逛起來反而輕鬆自在發現了嗎?? 地上有紫藤的蹤影耶這一次無打誤撞讓我完成了每年的紫藤戀 (是說今年的紫藤咖啡園可能去的不是時候,只見枯枝不見紫藤阿!!從停車場處繞進來就發現了這個童趣的桃花池水不深的噴水池,剛好可以讓膽大的小朋友沿著石頭走到另一頭喔!!不大膽的小童,就留在池邊研究看看有什麼自然生物吧是說阿咪對於自然這一課,從小就沒認真念,所以每次當小童問倒我的時候,我總是跟他說等我一下,我GOOGLE 一下喔!! XDD (好弱的媽阿...所以最後乾脆派出我們家神燈比較快啦!!怎麼問都問不倒.....這個池中沒有魚,但是有很多迷你小蝌蚪喔..!!在城市裡許久沒看到這個小蝌蚪了....連阿咪自己都研究好久喔~~^^;池塘的旁邊有個盆栽館 (正確名稱,阿咪沒有記起來呢;//;)裡面有各式各樣的盆栽跟施肥的肥料..價格上說不上親民,但也稱不上貴,上面四種大概都是200有找啦!!有時候替自己的辦公區布置一下,心情不自覺得都放鬆許多!!阿咪自己打了個算盤,自己去外面挑個喜歡的盆栽在挑個自己喜歡的盆子,比在外面買還划算耶!今天的溫度不熱還有些許的風在這個走廊裡格外的清涼,淡淡的花香加上徐徐的風頓時間.................覺得好好眠喔!! XD不過繞了大半天,阿咪對於上面懸掛的那個球物還是不知道是什麼玩意耶!!研究了大半天就是沒看出個所以然..小朋友來到這也不怕無聊只能陪大人賞賞花這有好幾台搖搖車,不夠玩的後方還有個小童遊樂區呢!!~;佑每次看到這種搖搖車都會忍不住想玩一下而我們總是得在玩之前把規則講清楚說明白,不然等等賴皮演個一哭二鬧的阿咪可不買單喔!!~ ;所以在選第二台直升機想玩又沒有摳摳時就沒有那麼開心的FU了~~在這用餐也不覺得倉促沒有倒數時間的計時,想約會的有鞦韆可以坐想親子聊天的有籐椅可以慢慢聊....是說今天沒有計畫在這裡用餐,但以今天不多的人潮,餐廳內還能滿滿都是人那應該也算是有不錯口碑囉!!是說連餐廳旁的洗手檯都這麼童趣阿一不小心真的會沒注意到有個台可以洗手耶!　;餐廳的另一旁有個魚池裡面的魚真幸福,還能再吵鬧的城市裡曬曬日光浴還能聞聞一旁的花香青草味..小童最愛的魚居然是...................垃圾魚可能跟阿媽家的魚缸裡就屬垃圾魚最搶眼也有關係吧每次靠近魚池裡總是先找有幾條垃圾魚在裡面呢!!這裡的魚只能觀看可不能餵食喔!!所以來玩的大小朋友們,手上的土司就自個吃就好囉!!這裡雖不是紫藤的大宗但距離出口處剛好有一大片,坐在岩石上淡淡的紫藤味真的令人心曠神怡耶!! ;從三月初開始的粉櫻花,接下的粉杜鵑...這時候來個迷人的紫藤還真是殺底片阿....!!不過這裡的紫藤高度較高,小朋友想和紫藤合拍可能需要有ㄚ拔的一臂之力才能上的了紫藤的畫面喔玩了一會才發現其實園區內是可以騎腳踏車的耶!!剛好小童的滑步車,我們幾乎有出門都會帶在車上以防小童一時技癢;沒想到就是那麼滑阿滑...才發現這個花卉村可大的哩!!居然在後方還藏有個小童玩樂區有充氣式的溜滑梯 (但要超過110CM 的小童才可進入喔!! 而且是需要另外收費的喔還有幾攤的童趣小攤販小童最愛的夜市攤就屬彈珠莫屬啦!!; (剛好訓練一下他小手的技巧~其實他每次打這個,都志不在打中志在最後的挑選獎品XDD邊打就邊在物色後面有什麼獎品了~~;;;;到處都充滿童趣的花卉村對於忙碌的台北人來說,是個可以輕鬆遊又不需人擠人的好地方喔;對了!! 這裡也開放購買花盆喔老實說不貴呢!!; 今天買了兩盆防蚊樹跟小盆的鼠尾蘭和薄荷加上器皿大概才260左右!!讓家裡也能芳香,重點是看了心情就好囉!!於明白為什麼古代人都那麼愛賞花啊!! XDD;;-----------------------------------------------------------------------------------------------------------;花卉文創園區官網:http://www.gardenmall.com.tw/地址:台北市士林區延平北路七段18-2號(洲美高架旁)全年無休(入園時間：9:00-21:00)電話：2810-1969
【台北親子館】台北市免費的親子遊戲空間♥台北市士林親子館♥,3906,0,41,http://eeooa0314.pixnet.net/blog/post/353962043, ;身為台北市民真是太幸福了除了每個月的育兒津貼外,還有免費的親子館讓我們帶小朋友同樂呢!台北市自民國100年度起,積極推動一區一親子館政策目前已有中正、松山、中山、北投、大同、文山、士林和內湖8個行政區設立親子館親子館裡有符合幼兒發展的遊戲規劃,安全舒適的親子共玩空間並提供各式育兒照顧及親職教養的講座課程、親子活動、親子劇場、外展服務等歡迎兒童照顧者帶孩子來~讓孩子盡情的玩、也陪孩子好好的玩!;;第一次帶小恩仔到親子館玩樂~選擇的是新開幕不久的士林親子館這可是這個月(103年2月)才熱騰騰開幕的唷~雖然開幕不久但已經造成轟動,記得要來一定要提早上網預約!!看了一下網站2、3月的假日場次都被預滿了喔~平日也寥寥無幾了!;;《士林親子館》ADD:台北市士林區基河路130號1樓(搭捷運至劍潭捷運站1號出口出站,過馬路至對面後沿基河路步行約7-10分鐘);預約方式可分為網路、電話預約(30組)及現場排隊(20組)網路預約需先加入網站會員,完成網路會員申請並新增小孩資料後,即可預約親子館空間使用!(http://taipei.parent-child.org.tw;);場次時間:週二~週五 第一場09:30-12:00,第二場14:00-17:00週六~週日 第一場09:30-11:00,第二場13:00-14:30,第三場15:30-17:00;;入門後會有服務人員先幫忙量額溫(大人與小孩皆要)有帶推車的可以將娃娃車停至這娃娃車專屬停車區!;造訪的這天天氣非常不好~是個又濕又冷的下雨天所以許多推車上都有娃娃車雨罩啦!原本是想預約下午的場次可是下午場都爆滿,所以就只好報上午場!;;娃娃車的停車區正對面有一整排的鞋子放置區一小格一小格的區分開~很貼心的右下方還有專為靴子所設計的比較高的格子呢!讓小孩子方便穿脫鞋襪的小板凳也有提供唷~小恩仔這小子已經迫不急待想衝進去了,眼睛直往裏頭望呢!;(造訪日期103.02.19~小恩仔2Y7M25天)這小子原本是在推車裡舒適的睡覺的,因為小子要睡到中午才會起床還是硬被麻咪我給叫醒的呢!一聽到有溜滑梯眼睛馬上發亮醒過來!結果我搞錯了~這裡沒有溜滑梯啦!;;置物櫃~包包等物品可以鎖在這櫃子裡不必投幣唷~雖然附有鑰匙但貴重物品還是帶在身上會比較好!;;現在還很新的哺乳室~裡面有飲水機&amp;洗手台等等;;接著我們終於進來囉(進來之前服務人員會幫忙消毒雙手唷);;小朋友很喜愛的嚕嚕車這裡還不少台耶(有些已經被開走囉);; ;很特別的是還有專門為嚕嚕車所設計的行駛路線而且還有設置紅綠燈呢~這樣我們就可以教導小朋友"紅燈停綠燈行"等交通規則囉!行駛到後方還有一台小小台的"加油機"(真的很迷你)不過小朋友都很喜歡,大家都霸占著要加油呢!;; ;這一區為《親子攜手做》提供多張的桌椅及一些安全無毒的勞作素材讓幼兒發揮創意的空間一旁的櫃子裡有多樣的素材唷~另外還有這個齒輪積木~小朋友可以自由的組合讓它轉動呢!;;;; ;建安診所~是仿小型的診所讓小朋友們探索身體構造的奧妙也可以當起小小醫生幫人診治看病唷!還有小小件的醫生護士服讓小朋友們可以角色扮演~不過小恩仔好像覺得有些恐怖,不是很喜歡這區耶,直說:不要!!;; ; ;這一區應該是專門為0-2歲的嬰幼兒所設計的專屬遊戲空間設有翻身軟墊及學步區,並提供適齡的感官教玩具,讓寶貝在安全趣味的空間成長整個空間很大很舒適唷~看得我都好想躺下來呼呼大睡啦(因為我也沒睡飽啦);;還有一個小小的球池唷~雖然小但小小孩還是玩得很開心!比較可惜的是這裡沒有溜滑梯耶~其實空間蠻大的,應該可以設置個小小溜滑梯才是,畢竟小朋友很喜歡的!;; ;裡面的設施還真是不少,也都蠻吸引小小孩的唷搞得我們小恩仔跑來跑去的每項都給人家"插花"玩一下!哈~應該是這小子定性還不夠,甚麼東西都玩不了太久的時間!;;插在夾縫裡的胡蘿蔔是可以拔出來的唷~大家可以來玩拔蘿蔔的遊戲!;; ; ;;矗立在角落的這兩間木造的小房舍好可愛唷~可以讓小朋友們玩辦家家酒的遊戲呢!有些家長幫小小孩穿上小廚師的衣服及帽子真是可愛極了可惜我們家小恩仔是不會配合的啦!幾個小女生大家一同擠在小屋子裡玩起辦家家酒的遊戲真的好可愛~;; ;好繽紛活潑的閱讀區啊~好有IKEA的感覺不過架上的讀本並不多就是!;; ;提共的益智玩具還不少~每一樣都整整齊齊的放在矮架上都有自己專屬的位置唷,所以貼有相片,記得提醒小朋友玩完要自行歸位!;; ; ;;;每一樣玩具小恩仔都很好奇的拿下來玩~然後這天還蠻配合的,玩完會自行收拾與歸位~不像在家裡叫他收玩具都說:『把拔收、馬麻收』啦!;;還來了一個可愛的小妹妹跟小恩仔一同玩!;; ; ; ;; ;這小子的臉還蠻認真的樣貌呢~;由於空間還不小所以小朋友玩起來蠻舒適的~還可以隨意的跑跑跳跳~不過要注意自身與其他人的安全唷就算入場人數滿了(50組)應該也不會顯得太壅擠!;; ;玩具都擺放的好整齊,每項玩具都有自己的家唷~在玩樂的同時,現場也都有好幾位的服務人員在場監督著隨時隨地維護著現場的環境,也幫我們注意小朋友的安全~還蠻不錯的!;; ;這樣完全免費又安全的幼兒玩耍空間真的蠻值得推薦的只是僅限於台北市民唷~;其他預約注意事項:1次僅能預約1個時段,預約之場次時間結束後始可預約下一次!預約或報名活動後因故取消,最遲請於入館或活動前1日來電告知或上網取消累積三次無故缺席者,將暫停使用本館所有服務30日!本館為預約者保留每場開場後10分鐘之優先入場權益如預約者未於開場後10分鐘內入場,則不為其保留名額!;下次有時間再帶小恩仔挑戰不同的親子館~~;;
宜蘭快閃親子團一日遊,39094,1,109,http://naughtyangel.pixnet.net/blog/post/38902511,為了答謝此次幫忙Ann許多的朋友們，再開第二團快閃親子團，除了靜態diy再加上戶外遊樂，8小時搞定。不過，大人得先儲備體力，因為世界無敵累的，有興趣的人可以參考，行程如下：香草菲菲;&rarr;宜農牧場&rarr;香廚臭豆腐&rarr;寒溪吊橋&rarr;菓風糖果DIY&rarr;蘭陽觀光夜市;第一站選香草菲菲，因為舟車勞頓後，來個心曠神怡的地方，除了醒腦外，最重要的是大人們可以先好好坐下來休息，讓小朋友們diy，大人們在旁邊先QK一下，以應付下一站。 ;一走進門，滿室花香，高挑的空間，再加上整座鋼骨結構，大量的玻璃帷幕，採光良好，讓人完全放鬆下來。一樓設有飲料吧台，自助餐區，香菲體驗室，DIY區及麵包區。二樓設有天空步道，空間走道都掛滿植物花草，並設有大量的桌椅沙發及大量圖書。三樓則是觀景平台，可以遠眺太陽湖。一樓的BUFFET區。大人420元加10％；小孩（90cm以上）280元加10％。用餐比鄰著大區塊的植栽。二月正盛開的菊花，花比人嬌呀～;;;; ;逛累了，就坐下來喝杯咖啡，翻翻雜誌，就可以輕鬆渡過時間。室內高達1000多坪，所以人數太多也不會覺得擁擠。繼上次做了精油香皂後，這次挑戰蝶古巴特（註1）;註1：Decoupage;蝶古巴特源自於法文動詞，意思是將美麗圖型剪裁，拼貼裝飾於家飾物品或傢俱上，展現出創意設計的裝飾藝術。; ; ;簡單的說，就是把漂亮的紙或布剪下（香草菲菲用的是棉紙），貼在你想要裝飾的傢俱或是物品上，塗上亮光漆（香草菲菲塗的是白膠），就大功告成！重要的是細工，只要貼到讓人看不出來是用剪紙出來的，就行了。 ; ;話說，給這隻豬做簡直是在害老母。她拼命剪，我拼命收捨殘局。瑞瑞和少東邊做邊聊天。小人兒們一派輕鬆，大人們在一邊累的半死。 ;歹勢～做的太醜了～;;試吃都很大塊，不怕人吃～;;一個半小時後，四家人都完成diy，走～往下一站出發～漂亮美麗惠文母女檔。 ;清新脫俗粘醫師親子檔。 ;; ;;謝謝妳們這麼照顧ANN呀！ ;;＜店家資訊＞香草菲菲宜蘭縣員山鄉內城鄉內城路650號03－9229－933營業時間：二～日 09：00－18：00每週一公休; ;第二站－宜農牧場。一下車所有小朋友眼睛馬上亮了起來，老杯老母們通通掏零錢出來，每個小人兒挑了自個兒喜歡的車，投幣啓動。;;每個人平均玩兩～三次，個個玩的不亦樂乎，開心的不得了。 ;這隻已經呈現疲憊狀態。;; ; ;遊樂區玩完後到隔壁的農場區。農場裡有DIY區，DIY品項也很多，但做的人不多，也可能標示不清楚而且室內太暗才會讓人舉足不前吧！瑤瑤說：飼食小動物是極不人道的事情。（點頭ing）我有控制喔，只買紅蘿蔔，沒買牛奶也沒買牧草。 ;;;快閃親子團小朋友團照第一張！快閃親子團小朋友團照第二張！疑～誰沒入鏡？就是那個龜毛李東東啦！;;中繼補給站。香廚臭豆腐～很久沒來吃了，沒想到現在已經企業化經營，領號碼牌等叫號了。不過，價格太高，品質差以前許多。在前往下一站的時候，這顆不耐力電池已經耗盡，倒了～;;;;＜店家資訊＞ ;; ;中場補給完畢，離菓風糖果DIY 4：30場次還有一段時間，驅車來到寒溪吊橋看看風景。這個點是臨時決定的，再加上惠文及粘醫師兩家人非常隨性，任由我們亂跑加亂帶，就帶小人兒們來囉～;;這對父子有懼高症，好可怕的橋喔～;;;; ; ;時間算好，四點就到菓風。DIY得事先打電話預約（電話只能約前三個名額），星期六及星期日各有10：30及下午4：30一場，一場有12個名額。現場早上10點開放排隊預約。（一定要提早到現場排，不然一下子就沒有囉）瑞瑞豬說：我們已經來第四次了，是啊～不過這次有糖果DIY喔！這對姐弟不知道在看啥？玩到無力氣的小開已經坐下來了。;;超會擺pose的大姐姐。及長相甜美的妹妹。 ;時間一到，陸續進場。工作人員會把糖果分成一段段先放在保溫燈下照射以硬化另一位工作人員會先試範大棒棒糖的做法將長條的糖果捲成鍋牛形狀再插入吸管就變成可愛的棒棒糖了戴上隔熱手套開始動手做了由於糖果會很快硬化，這時後頭的大人就得先問小朋友要做什麼造型，再由大人用力氣塑型，小朋友在一旁幫忙（不要幫倒忙）就可以完成囉～每位小朋友都得配上一位大人才行。;;;; ;你們到底有沒有聽懂啊？ ; ; ;大人加上小人，全部都手忙腳亂。而且大人比小朋友還要緊張啊～ ; ;;;這些大棒棒糖可能要一年才吃的完啊～全程約20分鐘而已。;;DIY結束後，就到餐飲區休息，準備到蘭陽夜市做最後的ending。;;ENDING站，蘭陽觀光夜市，有吃有玩又好停車。But，媽媽豬覺得東門夜市的打彈珠比較好玩不過這裡的優勢就是好停車啊！開心ing。沒有虐待小動物的遊戲，就是純釣魚喔～ ;喂。。三盤100元耶，也一顆顆玩，不要一把用撒的吧～;;晚上七點，結束一天的活動。可想而知，所有小朋友上車一定睡覺，不過開車的運將們可要利用時間補眠一下喔～再複習一下行程：香草菲菲;&rarr;宜農牧場&rarr;香廚臭豆腐&rarr;寒溪吊橋&rarr;菓風糖果DIY&rarr;蘭陽觀光夜市;;＜店家資訊＞菓風糖果工房地址：宜蘭縣員山鄉賢德路二段188號電話：03-9233569網址：http://www.sophisca.com.tw;;http://www.candyfactory.com.tw營業時間：平日 早上11:00~下午7:00 假日 早上10:00~下午8:00;;;;;by 捲捲頭 [瑞瑞5Y4M.亮亮3Y5M]
捏黏土好好玩。救國團的親子捏塑課(上),15093,10,60,http://imsandra.pixnet.net/blog/post/28078968,;;小寶與啾咪小章魚　❤小時候，珊卓的娘都會帶珊卓跟珊卓弟去救國團上課舉凡畫畫跳舞捏黏土，救國團很像什麼課都有得上常常我跟弟弟去畫畫，我娘在其他教室跳土風舞，然後一起下課一起回家當時還是家庭主婦的珊卓娘可以趁上課時間不用管小孩休喘一下我跟我弟也有地方畫畫玩耍成為人妻後，我也去救國團上過日文課(已忘光)還有彩妝課(超級基礎只適合平常根本不會化妝的人去上);有時回娘家也可以聽到我娘又去上了串珠課、算命課之類的巴拉巴拉課程簡單的說，救國團讓我們的生活更加多彩多姿這樣(有沒有那麼誇張XD);小寶兩歲後我也開始留意救國團的幼兒課程無奈幾乎都要三歲以上才能參加，只有親子捏塑課是2歲開始就可以媽媽寶寶一起上一開始沒想讓小寶去捏黏土，是不想小孩在捏黏土時把衣服弄髒;也怕去了搞不好都是我在做，小孩在搗蛋;";小寶三歲之前又研究了一次當期課程，就決定還是讓她去上黏土課好啦！不然每天在家大眼瞪小眼，重複十萬個為什麼，把娘親我煩都煩死了選了週三上午的時段，剛好上完課在外頭吃完午餐再回家，相當完美XD救國團的課程都是兩個月一期，一週上一次課，一次1.5小時老師前半個小時會講個小故事，玩一下遊戲，然後休息10分鐘讓小朋友上廁所或吃點心第一次上課不知道，沒帶餅乾出門，第二次上課之後小朋友們就開始交換點心吃小寶拿著我準備好的一袋小點心，每個小朋友分一個今天小寶在發巧克力時，拿到的姐姐跟她說謝謝小寶轉頭跟我說：媽咪，她跟我說謝謝耶！她好棒哦！XDDDDDDD點心時間 ;休息完畢吃完點心就開始今日的捏塑老師會先告訴大家今天要做的作品然後一個步驟一個步驟到桌邊發給小朋友黏土，並讓小朋友們自己選顏色第一週的作品是母親節蛋糕，底座是三角形的保麗龍;保麗龍的每個面要塗上白膠，然後把搓長條的黏土貼上去，用姆指推開推平變成蛋糕奶油;;這種表面皺巴巴就是小孩自己做的，很平滑的就是媽媽修飾的;;;蛋糕邊邊擠上巧克力奶油花邊，擠花不好弄，媽媽來幫忙;;蛋糕上還有花朵裝飾，也是以長條為基礎，壓扁後捲起來就是一朵小花;至於那個黃色的是什麼，不要問我，我不懂藝術XD;黏土老師都有一些術語，讓小朋友很快就了解怎麼做出想要的形狀比如說搓長條老師說：小朋友我們現在要來做薯條，薯條要怎麼做呢？就是像洗手一樣，黏土放在手心洗一洗洗一洗，就會變長長的薯條了洗洗手就可以搓出長條囉！第一堂課結束，老師說：下課囉！小寶馬上轉頭對我扁嘴：為什麼下課了？我還要捏黏土耶！是有沒有那麼愛上課XD做好的黏土作品先交到老師那邊，等完全乾燥了，下一堂課才會再發還第一週成品;小寶O.S.這個蛋糕很美，我很滿意;;是有沒有這麼得意啊！ ;;第二週做壽司老師拿出很奇妙的白色小顆粒黏土，放到圓型模具裡壓緊實，拿出來捲上黑色的長條就變成海苔壽司;;顆粒黏土;;做海苔;;;壽司捲好了;;堆上一顆一顆搓圓圓的魚卵蝦卵就是明太子壽司，小寶選了黃色黏土，做起來變成玉米壽司 ;;;; ;老師有準備裝壽司的小竹船，裝起來挺像一回事的這小孩正在開船，我想這是一艘壽司快艇，船速很快且顛簸，希望上面的壽司不要吐(誤)第二顆讓小朋友自己發揮創意，小寶做了一顆歪七扭八的花壽司 ;當天午餐就買了壽司便當，晚餐吃爭鮮壽司飲食路線完全跟這著課程走(其實是媽媽想不出要吃什麼) ;;第三週是八腳章魚(事實上因為排不下所以只有七隻腳)章魚頭是保麗龍球，把選好的黏土搓圓壓平，保麗龍球上包一層黏土再搓圓滑;;; ;;做胖胖章魚腳;;;稍微彎曲做點造型 ;還要壓上一個洞一個洞的章魚吸盤 ; ;這樣看像一朵花XD ;;;;做眼睛，章魚眼睛大大的;啾咪眼！;小寶做了啾咪眼睛嘟嘟嘴章魚，好可愛啊！;;隔週收到時，老師把章魚放到圓盒子裡做成吊飾，這樣就不怕章魚沾灰塵弄髒了 ;第四週做的是手機上課前老師會請小朋友幫忙發用具，今天是小寶來幫忙發白膠;;手機也是保麗龍當底，用黏土包起來;;上面戳幾排小洞是話筒，看起來就是個復古款的手機XD;上傳這張讓噗友們猜猜樂，結果還蠻多人猜對的耶！還要做螢幕跟按鍵，螢幕邊邊還要包一圈 ;;;還沒完工就打起電話來了;喂~把拔，我在上捏黏土的課啊！嗯嗯，那你有乖乖上班賺錢嗎？歐歐~沒有天線收訊不好耶！那你繼續上班吧！掰~ (以上為設計對白);裝上肥短天線，還加了一個糖果裝飾 ;;完工;講電話還翹小指，哈~; ;;;目前上完前四堂課感覺每堂課都有些小進步，多會了一個步驟，或多操做了一種形狀之前看朋友的小孩去新光三越的幼兒美術幫陶瓷玩偶上色，據說90%都是老師做的XDDD而救國團的親子捏塑作品都很簡單，小寶幾乎可以自己完成90%也許沒有百貨公司的樣品美觀，但小孩自己動手做出來的成品總有種說不出的質樸可愛媽媽在旁邊拍拍照、幫個小忙、適時讚美一番，就大人小孩都開心啦！老師使用的材料是輕黏土，我以前沒玩輕黏土，使用之後覺得很不錯耶！真的比一般黏土輕(廢話？)，也不容易掉碎屑，缺點是容易乾......拿到手要趕快做，乾了會有搓不平的小皺摺救國團親子捏塑課，一期八堂課是1600元一般來說課程開始前一個月的月底前報名就會有折扣舊會員是9折，新會員有95折，材料費另計是600元(如果請假該堂課材料費會退還)小寶第一次在救國團上課，還要辦一張學員証(100元？)不加學員証算下來一堂課是265元，我覺得還可以接受希望他們能多開有趣的幼兒課程囉！救國團的各地課程表http://www.cyccea.org.tw/course_n.php;延伸閱讀;小寶愛跳舞 ▪ Linda老師的夏紗英語幼兒律動;;
【11M6D】來去消耗小人兒體力~中山親子館(捷運圓山站) ,18794,0,28,http://hakunamatata123.pixnet.net/blog/post/49808958,最近白天隨便就是氣溫34度，待在戶外容易中暑，突然想到可以去今年二月才開幕的中山親子館，於是興致沖沖前一晚請爸比網路預約後前去瞧瞧。最近北市、新北市很多區都增設了"免費"親子館，因為設備不錯又免費，所以蠻熱門的，建議去之前先預約。 ;中山親子館就位圓山捷運站出口，交通非常便利，週末旁邊還有市集，溜完小孩也可以到園區走走，或者到旁邊美食廣場用餐。; ;入館大人必須穿襪子保持衛生，脫鞋子、手消毒、量體溫後就可以進場囉~ ;親子館裡面分好幾個區域，左邊就是0~2歲專屬遊戲區，不用擔心一般遊戲區可能會發生小小朋友碰撞的問題。;場地明亮寬敞，即使週日下午來也不會覺得擁擠。 ;Weplay動物嘉年華小樓梯、軟式溜滑梯墊的高度剛剛好，用爬的用走的寶寶都可以順利的上下，旁邊也有安全地墊。 ;;一開始小薄荷非常小心翼翼觀察地形，沒多久後就玩開了~~; ;;weplay;搖滾陀螺看起來很有趣，薄荷爸把小薄荷抱進去旋轉，但她好像沒很愛，一下就跳出來了。 ;電力十足的小薄荷玩的超開心!; ;另外一邊還有積木玩具、寶寶玩具;;聽說搖鈴是志工哥哥姊姊手做的遊戲。;;另一邊我覺得蠻適合像小薄荷剛要學走的小朋友，每一桿上有不同的觸覺，如菜瓜布、 毛巾、 腳踏墊等，地上也有不同形狀的巧拼，讓學走的孩子扶着及站著可以觸覺到不同的的材質。 ;小薄荷玩的好興奮!;; ;; ;;沒多久後隔壁小哥哥過來一起玩玩具，結果兩人上演搶玩具大戰。; ;傳真話筒玩具 (小薄荷與爸比熱線中);; ;訓練娃娃爬行、過山洞；第一次小薄荷只願意跟媽咪玩躲貓貓，第二次回來這區玩，就從洞裡成功鑽出~; ;還有一區巧拼用不同的顆粒材質搭配凹凸鏡!;; ;以上都是0~2歲的遊戲區，是不是還蠻豐富咧~; ;;另外還有親子玩圖區 ; ;;比較適合大孩子的攀岩區 ;; ;統合大教具，可以練習平衡感。 ;操作體驗區等，當天小薄荷在0~2 歲專屬遊戲區就玩好久，其他區只好等下次再來玩~;;這次中山親子館初體驗玩的超開心! 改天再帶她來玩耍囉~ ;天氣熱不知道帶孩子去哪? 趕快預約免費的親子館吧~;;;;中山親子館;facebook 臉書頁;電話：02-25980657;地址：臺北市中山區玉門街1號(花博公園爭豔館旁， 捷運圓山站1號出口電話：02-25980657;開放時間：週二至週五10:00~12:00、14:00~15:30、16:00~17:30，週六及週日10:00~11:30、13:00~14:00、14:30~15:30、16:00~17:00。週一為休館日。服務對象：6歲以下兒童及其照顧者。為了控管使用品質，每個場次限制100人次使用，請於入館前打電話(2598-0657)或現場排隊預約。
親子餐廳：苗栗縣網路人氣推薦5家,31397,0,5,http://pchomekids.pixnet.net/blog/post/35756367,【小編的話】提到苗栗，小編腦袋馬上浮現：大湖草莓、南庄民宿、三義木雕、好吃的客家菜&hellip;，搜尋親子餐廳時，卻發現山城裡的親子餐廳都走「混搭風」，強調好吃、好玩、又「好客」（不少兼營民宿或提供露營場地），沒有類似溜滑梯、盪鞦韆等兒童設施，取而代之的是爸媽小時候玩過的炕窯、捏土、抓魚等。所以如果時間許可，可以多安排點時間（例如兩天一夜），放慢腳步，享受山城裡的自然生態與客家風情。南庄：和豐農莊   ;特色：『和豐農莊』佇立在南庄群山環繞的農地上，老闆想把被人們遺忘的客家古早風物保存下來，因此以磚牆配上無鐵釘之全木屋頂，重現昔日的合院建築。農莊裡廣大的空間讓孩子奔跑，老闆為了回味兒時的童年記憶還特地建立一棟炕窯館，讓來的遊客可以在古色古香的傳統建築中，享受道地的原始美味。 地址：苗栗縣南庄鄉西村中山路1巷5-3號(南庄外環道) 官方網站：http://herfone.ioneone.com/food_fire.htm 爸媽經驗分享： http://yoyoyogigigi.pixnet.net/blog/post/25738913 http://tw.myblog.yahoo.com/maggie-minie/article?mid=14481&amp;prev=14500&amp;next=14413 南庄：相遇森林屋   ;特色：位於南庄鄉南富村白雲寺牌樓旁，循著蘇鐵化石的路標，要細心點才會發現隱藏在路旁的主人手繪的生態護欄，然後穿越２個原始而自然的山洞，就會有別有洞天的感受。相遇森林屋的門前有小溪，後面有山坡迎面，還有愛畫畫的主人自己ＤＩＹ的彩繪門及庭園設施。而這裡賣咖啡、簡餐，再配上獨一無二的生態教彩繪餐墊，可一邊用餐，一邊生態教育。 地址：苗栗縣南庄鄉南富村22鄰四灣77-10號 官方網站：http://encounter.mmmtravel.com.tw/ 爸媽經驗分享： http://bkkfan.pixnet.net/blog/post/27353948 http://hrylin.pixnet.net/blog/post/23301521 ;;南庄：山形玫瑰   ;特色：依山而建的山行玫瑰，佔地不算小，而且位在半山上，所以視野相當好，可以遠眺山城的景色。因此來這裡一定要放慢腳步，享受山林的芬多精和悠閒。再加上，這裡種植了數百種花草植物，對於在都市少見和自然疏離的孩子來說，簡直是作繽紛的植物園，而且還會偶遇店家飼養的小動物，或是山林裡原生的各種昆蟲。記得，不要帶3C用品來這裡，才能夠讓自己徹底放鬆、或是和孩子一起跟小昆蟲、植物做朋友，享受山林生態的樂趣。 地址：苗栗縣南庄鄉東和村12鄰25 - 1號 官方網站：http://rich1981.myweb.hinet.net/sonrose/ 爸媽經驗分享： http://hazelhazel68.pixnet.net/blog/post/31481883 http://homachiko.pixnet.net/blog/post/35305188 三義：漫步雲端森林廚房   ;特色：三義山區容易起霧，雲霧環繞下，會讓人以為身處雲端之上，再加上外觀是磚紅色的城堡，如果遇到雲霧天，覺得置身於雲海中的神秘古堡。漫步雲端森林廚房有三層樓，二樓是是傳說中的茱麗葉家，陽台有雙鳥型鐵雕象，訴說浪漫的愛情故事。還有陽光屋，可以靜靜觀看天空。餐點是這裡很重要的特色，但是如果你不想用餐，只需要花入園要門票100元，在這裡走走看看，感受山城的浪漫生態。或是帶瓶泡泡水、小飛盤，讓孩子們在在草原上盡情跑跑跳跳！ 地址：苗栗縣三義鄉遊雲路22號 官方網站： http://www.walkcloud.com/ 爸媽經驗分享： http://tw.myblog.yahoo.com/beautiful-memoir/article?mid=4347 http://www.wretch.cc/blog/locm1028/24143210 頭份：貝拉米庭園餐廳   ;特色：餐廳為在農田中間，主要建築採西式洋房，室內的裝潢走鄉村風，以木質及紅磚做為裝潢基底，角落還設置了一個壁爐。外圍的庭園不小，草皮上還有溜滑梯給小朋友們玩。 地址：苗栗縣頭份鎮興隆路一段90巷36號 官方網站：無 爸媽經驗分享： http://anny9373.pixnet.net/blog/post/26693894 http://blog.yam.com/arfarr/article/24132370
<Q比兩歲生日特輯><親子餐廳>3月小蛇寶 "2" gather Party@新北市蘆洲*奧莉維亞親子主題餐館,1268,0,77,http://anitading2009.pixnet.net/blog/post/60331957-%3cq%e6%af%94%e5%85%a9%e6%ad%b2%e7%94%9f%e6%97%a5%e7%89%b9%e8%bc%af%3e%3c%e8%a6%aa%e5%ad%90%e9%a4%90%e5%bb%b3%3e3%e6%9c%88%e5%b0%8f%e8%9b%87%e5%af%b6-%222%22-gath,2015.03.15 拍攝於;小蛇寶 "2" gather Party @奧莉維亞親子主題餐廳(蘆洲店)記得去年Q比滿週歲時，因為有慶祝成長禮俗的「抓週」儀式，所以在她生日的前後總共辦了四次不同型式的抓週活動， 分別是：&hearts;;生日特輯; 3月蛇寶生日趴&amp;和家人一起慶生(11M28D)@板橋逸馨園&amp;新竹爺爺奶奶家*週歲慶生月活動滿檔(上)*;&hearts;;生日特輯; Q比爸親手做生日蛋糕(1Y3D)@媽媽PLAY親子聚會*週歲慶生月活動滿檔(中)*;&hearts;;生日特輯;古禮抓周趣(1Y11D) @宜蘭傳藝中心 *週歲慶生月活動滿檔(下)*;去年整個三月的假日都有慶生活動，Q比的一歲生日過得非常充實又好玩。週歲生日熱鬧地落幕後，想到Q比要過兩歲生日時卻不知道要該怎麼慶祝誒&sim;因為沒有「抓週」的儀式可玩，就少了有趣的內容。難道開始要進入買個生日蛋糕，和家人一起吹蠟燭就結束的簡單慶生活動嗎!?突然覺得和去年相比較，內心有種說不出的空虛失落感，也許可能是想到往後Q比的生日都會依循簡單慶生的模式進行吧！雖然我們還是會在公婆家進行簡單切蛋糕慶生，讓公婆能開心的陪著Q比一起過她2歲的生日。(回顧:;Q比兩歲生日特輯; Q比和家人齊唱生日快樂歌，念唱巧虎教的唐詩@新竹爺爺奶奶家;)但是我還是希望能趁她年紀小還好控制安排的時候，再為她舉辦歡樂熱鬧一點的慶生活動，畢竟等她長大上小學後，很有可能就不理我這個老媽，跟同學朋友相約在外面慶生(掩面啜泣)。那可以來舉辦個時下流行的小壽星生日party, 然而要考慮事項很多，☆場地選擇 : 交通是否方便(有附停車場嗎)? 有容納或是基本人數限制? 有無小孩的遊樂空間?☆包場費用 : 計算方式是採餐點低消or 來賓數的固定參加費?☆餐點準備：需要自行處理or餐廳有哪些餐點可以選擇?☆活動進行：要自己規劃安排or 餐廳有提供活動等?哩哩扣扣的事前準備有很多，因為想要邀請別的家庭一起參加，但又怕不夠盡善盡美，未能讓大家留下好的印象，而失去開心歡樂慶生的目的。就在我苦思該如何幫Q比進行特別但又不花費太多心思和金錢的慶生活動時，剛好出現一道曙光，那就是收到【奧莉維亞親子主題餐廳】的派對邀約。去年一月曾帶剛滿10個月的Q比到新北市蘆洲的【奧莉維亞親子主題餐廳】參加三月蛇寶團的聚會，因為他們家餐點不錯吃且收費合理，二樓又有專屬小朋友的玩樂空間(需另購門票或是餐點消費折抵)，再加上交通方便離捷運蘆洲站很近，讓我對這間親子餐廳還滿有好感的。當時10個月大的Q比在二樓0~2歲的爬行區和小型的球池滑梯區，跟同伴們一起盡情的探索這歡樂小天地。;基於之前對這間親子餐廳已建立好感，又有剛好住附近的蛇寶團媽媽說他們家的抓周及生日派對都辦得還不錯，而且有瀏覽店家的迷你配對專案內容(小壽星專案)，發現費用是依來賓人數計算，且小壽星每人$300元，其實加總下來不用花到好幾千元的場地包場費，還有店家精心安排的慶生主持活動，而且點套餐能換張二樓傑洛米親子童樂園的門票，如此精打細算下來還真得滿划算的，分享內容給大家做參考囉~&spades;小壽星專案&spades;▪適用人數 : 8~10人▪慶生活動 : 小壽星每人$300元，同行兒童貴賓每人$100元(壽星禮+同行貴賓禮+創意活動一式+慶生主持)▪餐費低消 : 12歲以上及成人$300元套餐，一歲以上兒童需點兒童餐一份。▪880元加購禮(擇一):1.各式主題派對盒(粉紅派對、歡樂米奇等)880起/8人份2.寶貝成長影片880元/張3.寶貝寫真書880元/本;於是和交情還不錯的三月蛇寶媽媽們，敲定參加派對人數、日期、主題，將資訊整理好後交由餐廳幫忙處理規劃，當中不清楚的地方或細節部份，餐廳都會迅速且詳細的email告知。這樣一來我就省事省錢許多了，哈哈~我們是預約3/15(日)下午1:30~3:30的時間，有事先詢問餐廳離他們最近的停車場，最近的[鷺江國中停車場]離餐廳只要步行三分鐘的路程，停車實在是很便利(但假日還是要早點去停，以免一位難求。或是搭乘捷運來也很近)。這次參加的三月蛇寶小壽星有Q比、abc、咕咕、臭妹、草莓和小絜(店家把"絜"打成"潔"了)，原本大他們四個月的小來賓-揚揚哥哥也要共襄盛舉，但因身體不舒服而臨時取消，真是有點可惜，希望下次還能聚在一起Happy餐廳幫我們安排在party room的靠窗區，party room是餐廳專門在舉辦生日派對、抓周活動和音樂性團體表演的場地。這次的生日主題是【小蛇寶"2"gather party】，餐廳特地在窗面上佈置生日旗和貼上每位來參加小壽星的名字，很明顯的這區是專屬我們的生日餐桌區XDD。由於餐廳規劃生日派對的內容是請我們先用餐，用餐完畢後再開始進行半小時的慶生活動。所以我們都各點了份有達低消的套餐，也幫小壽星們點了兒童餐(餐廳即贈送親子館門票)。小孩和大人的餐點都還滿多元化的，各式特色風味料理都有，像是義式料理(套餐)、蔬素套餐、主廚異國料理和和風鍋物套餐，價格約NT$180~NT$420不等。而小朋友部分有六種兒童餐可選擇(其中還有寶寶粥選項)，餐點搭配為濃湯、薯泥、飲品(有可可亞、果汁、鮮奶等7種)、主食-鬆餅or奶油培根貝殼麵or咖哩豬肉飯等和甜點茶凍。▲餐桌上店家已備好餐具和水瓶▲▲要先到櫃檯買單結帳，結帳後餐廳會給童樂館大人和小孩的入場門票，上面那張童樂集點卡可至二樓兌換一份獎品▲也許是有先告知餐廳會來用餐的人數，所以上菜並沒有等候太久。我幫Q比點的是"小鹿斑比餐"，餐點內容看起來滿健康營養的，蔬菜肉類都有。有先幫Q比偷嚐一下，奶油貝殼麵味道口感不錯，不會太成人口味。甜點是百香果蒟弱凍，附湯是奶油玉米濃湯。Q比很喜歡小鹿斑比餐，因為主要是有她最喜愛的玉米，令她胃口大開。店家可能是知道小朋友都愛吃玉米，所以在每個兒童餐都附上玉米，臭妹和草莓也不約而同都先拿起玉米開心啃咬。這是臭妹爸和臭妹哥享用的"水果冰淇淋聖代百滙"，看起來既漂亮又好吃的樣子。Q比爸點的是"黑麻麻時鮮墨魚麵"的太陽套餐，前菜有餐前麵包、奶油玉米濃湯、開胃小菜、水果和餐後甜點-是巧克力冰淇淋。"黑麻麻時鮮墨魚麵"的外表真的是一團黑，在不起眼的外表下，深受Q比爸和Q比的喜愛，非常對他們的口味，兩人都吃得津津有味。Q比爸吃到最後，突然發現了烏魚麵有些許的酒味，真是令人感到特別。[黑]盆大口的Q比，天生適合走諧星路線無誤XDD。我點的是"醜小鴨蒜苗鴨胸義大利麵"的月亮套餐，沒有甜點外其他和太陽套餐一樣。鴨肉有軟嫩好吃，有湯汁而且不油，還不錯唷!大家都享用得差不多時，看見對桌陸陸續續有人進來用餐，原來是等下要在這邊進行抓周活動的家庭。因為離慶生會開始還有一些時間，就帶著已坐不住的Q比到店內其他地方走走。從party room走出來就是櫃台處，假日來客人潮很多，連結帳都要排隊等待，看得出來這家餐廳很受大家的歡迎。▲櫃檯旁的牆柱上有螢幕可以觀看2樓小朋友玩樂的情形。而櫃檯後方有較隱密的用餐區▼靠近大門入口處有展示一些和餐廳有關的資訊和活動內容。資訊包括了店家是有加入[新北市樂活友善共餐點]的餐廳、加入餐廳line的好友即贈一大一小的入場券(下次用)；而活動內容則有當月的表演資訊、開設的課程活動和入館免費的優惠好康。;一樓有擺設供拍照的夢幻童話之南瓜造型馬車，Q比一看見馬車上的大熊，猴急的立馬坐靠在大熊旁邊，深擁緊抱著大熊，表現出開心小女人的模樣，好像熱戀中男女朋友的感覺@@?，好甜蜜啊!!;活動快要開始了，趕快帶Q比去洗手間洗手。推開彩色的膠簾，眼前看到的不是單調乏味的洗手間，而是充滿彩色又有童趣的圖案，讓你上廁所也可以有好心情。;;今日重頭戲"3月小蛇寶 "2" gather Party"即將開鑼囉~工作人員完成了生日桌邊佈置，和剛剛用餐時的情景完全不同，給人有滿滿的驚喜感。座位區舖上應景的生日桌巾、桌上有擺放小朋友喜愛的卡通人物餐盤餐具、並放滿了餐廳及揚揚媽咪準備的精美禮物，以及生日派對上不可或缺的生日蛋糕-2歲娃兒愛的巧虎造型蛋糕(這是我們自己準備的)。▲巧虎造型蛋糕是向極品軒手作烘培坊訂購，製作成果與巧虎很相像且討喜，吸引大家的目光▲原先和餐廳討論的卡通主題人物是巧虎，然餐廳回覆還曾未有過巧虎的主題派對(是說巧虎的生日桌邊佈置在市面上也沒有看過，也別為難人家了~)，但還是很用心的幫我們準備迪士尼卡通的人物-Cars、米妮和冰雪奇緣。;在慶生活動正式開始前先來個小壽星與壽星媽媽們的團體照，看起來是不是很有歡樂小型的生日派對fu呀!!^0^待小壽星的媽咪們幫小壽星戴好生日帽，準備就緒後，主持人帶領我們一起進行親子手指謠，做為暖場活動。接著主持人拿出折好的花花氣球，以Q比做代表請她將花獻給最辛苦的媽媽。滿2歲的小Q比似懂非懂，好像只覺得拿到花花氣球很高興，哈哈!喔耶! 令小朋友期待的吹蠟燭和切生日蛋糕的時刻要來臨了~主持人替我們的巧虎蛋糕點上兩根蠟燭，象徵小蛇寶們兩歲囉!大家一起打拍子合唱生日快樂歌，好熱鬧喔!!主持人很會帶動氣氛，唱完生日快樂歌，馬上倒數準備要一起吹蠟燭和切蛋糕了!▼捕捉慶生番外篇-姊妹花草莓和小絜大玩親親遊戲(≧▽≦);▼大家依序輪流來切蛋糕囉!是說看到這麼可愛的巧虎蛋糕怎麼忍下切下去呢!!!(⊙＿⊙)沒想到我是所有媽媽中最兇狠的XD，直接往巧虎的眼睛切下去，抱在一旁的Q比表情似乎有露出小小的哀傷(她可能覺得巧虎好痛喔!)切完蛋糕後，主持人將花花氣球交給還沒獻花給媽媽的小壽星，請小壽星邊送花邊親媽媽，竟然有人親的是汽球，這位小壽星很明顯的會錯意囉(笑到捧肚樣)!!最最令小壽星開心至極的發送禮物來囉~每位小壽星都有收到餐廳和揚揚媽咪準備的精美禮物~真的是很精美唷!!收完禮物後，開始來折造型氣球，至於是什麼造型呢?就和我們今天的生日造型蛋糕一樣。我是還滿怕折氣球的，主持人很貼心的幫忙不敢折氣球的媽媽們。氣球折呀折，折好底座後，幫另外一顆氣球貼上有五官的貼紙。媽媽們將貼紙撕下，提供些許協助之下，讓小小孩自己動手完成她的氣球作品。答案呼之欲出，每個人手上都拿著一顆巧虎造型氣球，小壽星們看到巧虎都好開心喔!果然巧虎是小孩心目中的虎神，魅力無法擋!!完成巧虎造型氣球後，慶生活動也圓滿落幕了~但小壽星們的聚會可還沒結束，因為等等要去二樓的傑洛米親子童樂館好好玩樂一番。傑洛米親子童樂館的入口處位於餐廳吧檯的轉角處(如:箭頭所示)，推車可放置樓梯口，上樓前需脫鞋。沿著木板樓梯上去，轉角地方有一小區玻璃展示窗，展示著餐廳舉辦的小朋友DIY美術課程的作品。很心急的Q比已經笑嘻嘻的站在童樂館的門口，叫大腹便便的我趕快上來玩。入口處的左手邊是育嬰室(箭頭所指)和洗手間，也有提供雜誌供家長們翻閱。進場前，要將入場票交給工作人員，接著會幫大人小孩量額溫和噴乾洗手，並貼上入場貼紙。二樓也有用餐區和0~2歲寶寶爬行玩樂區傑洛米親子童樂館裡，結合動態和靜態的遊樂區域，像有小朋友都喜愛的扮家家酒玩具、益智操作的各式積木組、愛看書閱讀角和小小機汽車可騎乘。這邊也有獨立的球池滑梯間，能盡情的玩耍，不會和外面的遊樂區域互相干擾。球池還是很受小小孩的光顧，五彩繽紛的小球對他們而言有很大的吸引力。滑梯球池間的牆面上設有益智操作轉轉樂，手指很靈活的Q比對於這種玩具很喜愛。在球池滑梯間的隔壁，也有一處獨立的遊戲室，空間很大，室內也擺放了許多好玩的玩/教具。開心的玩了一個多小時，看Q比的體力也差不多消耗完畢XD。準備出場前，請Q比拿著集點卡和工作人員兌換小禮物，看她小小的手上已被東西塞滿(兩顆造型氣球和小禮物)，非常有收穫滿載的樣子;(￣︶￣)/，相信她今晚一定會很心滿意足地入睡。▼靠近入口處有玩具租借和兌換禮物區▼;Q比媽在奧莉維亞親子主題餐館進行3月小蛇寶 "2" gather Party之感想:這次Q比兩歲的生日派對辦在奧莉維亞親子主題餐館，因為餐廳有著豐富的辦party經驗，以及用心的事前準備和現場服務，讓我們這群媽媽都很滿意這次慶生活動的流程和內容，大人小孩共同度過很歡樂的慶生時光，一起擁有美好的回憶。另外，真的很高興能與網路上結緣的三月蛇寶媽媽們一起同為2歲的寶貝們歡聚慶生，也很開心Q比有這些同齡們的朋友和她一起成長玩樂，希望能友誼長存，一起共同創造美好的相聚時光，很期待我們下一次3歲蛇寶的慶生會，相信又會是不一樣難忘的生日經驗，還有這次沒來的媽媽們，下次一定要跟到喔，啾咪;3!;☺Q比"兩歲生日特輯"系列☺;★;Q比兩歲生日特輯; Q比和家人齊唱生日快樂歌，開心念唱巧虎教的唐詩-相思@新竹爺爺奶奶家;★★;Q比兩歲生日特輯;;懷孕記錄; Q比兩歲+Q比媽孕婦+Q比爸全家福之寫真照分享@新竹市 米果攝影;;★;;欲知更多有關【奧莉維亞親子主題餐館】的消息，可前往他們的官網及FB查詢(點我);【奧莉維亞親子主題餐館】❤營業時間:周一至周日10:30~21:00❤收費標準:❤地址：新北市蘆洲區長榮路675號1樓❤電話：餐館（02）8283-8555 童樂館（02）8281-3030❤交通資訊 :;;❤其他資訊 : 育嬰室、飲水機、親子廁所、傑洛米親子童樂館。;❤;如果喜歡Q比的生活日記(Q比媽生活札記)就幫我按讚一下唷!!;;; ; ; ; ; ; ; ; ; ; ; ;❤;感謝你的鼓勵Q比的生活日記;文章來源出處:http://anitading2009.pixnet.net/blog;;
【台北親子樂園】騎士堡~小美人魚的家♥奇幻海底世界 讓孩子們嗨翻天的室內遊樂園@京華城,1299,0,45,http://eeooa0314.pixnet.net/blog/post/427580933,久仰騎士堡的大名~終於帶著孩子來玩耍了拖這麼久就是覺得票價不太便宜啊想要帶孩子來玩的最好跟朋友一起合購套票,會比較划算唷!!; ;騎士堡有好幾個點每個點都有不同的童話主題台北有京華堡及內湖堡我們造訪的是位於京華城裡面的~小美人魚的家;ADD:台北市松山區八德路四段138號7樓TEL:02-37622236; ;門口有娃娃車停放處~一到京華城7樓就好像到了海底世界小朋友開心的"哇"了起來;三個好朋友又一起來嗨了~真是幸福的小孩不過旁邊那隻是怎麼回事!?哈哈!!;購票處~我們已經有先買套票了不過還要購買家長通行票 (會員購票$100)小孩若未滿3歲,家長則可免費陪同入園;騎士堡票價資訊:http://www.kidsburgh.com.tw/ticket-1.php;票價真的不便宜除了買套票之外,也可以上網拍找便宜!!有全日通行券及一小時、兩小時等體驗券真心覺得全日券比較好,一、兩小時根本不夠玩啊;好大的一隻章魚~讓人開了眼界有入堡人數顯示看板,以管控遊戲品質; ;地板上有投射燈真的會有魚啊、烏龜、章魚等海洋生物游來游去小朋友很開心的踩了起來;這一區是鞋櫃進入堡內需要脫鞋,穿襪子唷如果忘記帶襪子,櫃檯有販賣;好可愛的美人魚~浪漫童話的場景讓人好喜歡;園區不小,規劃也很棒是可以放心讓小孩玩上一整天的室內遊樂園;大家排排隊,等候蓋印章、量體溫等小朋友的心早已飛到裡面啦;進入堡內大人跟小孩都需要穿襪子如果忘記帶,櫃台也有販賣;進入遊戲設施裡還有置物櫃可以放置包包及茶杯等一開始並不知道還放在外面,後來發現就拿進來了; ;小美人魚的家是以安徒生的童話作品《美人魚》為藍圖所打造600坪的遊戲空間,充滿海底世界彩繪的魔幻魅力帶給小朋友前所未見的奇幻體驗!!;氣墊遊戲區好多小朋友都玩得好開心啊可惜小恩仔不敢玩;海洋奇幻球池這一區不管是大人或小孩都很嗨啊海洋奇幻球池內有章魚滑梯區、波浪滑梯、金字塔攀岩由各式彩色安全軟球組成的球池讓孩子藉由與軟球的接觸,增強孩子的觸覺反應豐富多樣的色彩組合有利於刺激孩子的視覺、知覺及觸覺神經的統合; ; ;章魚造型溜滑梯好高好長啊大人可以陪著一起溜唷一旁還有工作人員看護指揮著,以確保小朋友的安全大家要依照工作人員指示溜唷~才不會受傷;讓小朋友嗨翻天的溜滑梯,小恩仔居然不敢玩耶~這小子真的是太膽小啦!!真的好好玩唷~大都小朋友都好愛!!; ;海洋奇幻球池的球爆炸多啊~採用藍與白的安全軟球~真的好像進入海洋世界似的這球池也讓小孩嗨翻了!!;還有小小的攀岩區比較小的小孩也可以來此溜小型滑梯;請服務人員幫我們拍了張合照小朋友開心玩耍之際,大人們也可藉機聊聊天; ; ;章魚轉轉樂小朋友可以騎著自己喜愛的海洋動物化身為海上的王子公主~乘風破浪這是由服務人員手動轉動的唷比起電動的安全多了!!; ;深海積木區這是獨立的空間,專屬玩積木積木一籃一籃整齊擺放一旁架子上小朋友可以提到桌上發揮創意組裝; ;還有帶動唱時間時間到了櫃台會廣播,就可以帶著小朋友來到小廣場同樂; ;海盜船冒險區這應該是小男生的最愛了,可以射擊空氣槍是很軟的海綿球,所以打擊到並不會痛空氣槍的數量非常多,不怕玩不到一開始小朋友都很怕射擊時發出的大聲響後來就不怕了,玩得好開心;廁所一樣是海洋的主題,好繽紛啊不過廁所有一段小距離,這是比較麻煩的地方;;;幼兒健身園地這裡是提共0-5歲或100公分以下小朋友的歡樂園地有許多可愛的遊具,吸引小朋友動動手腳玩樂家長可以陪著小孩玩樂享受歡樂親子時光;還可以幫小朋友換裝,享受變裝的樂趣; ; ;還有小朋友很愛的辦家家酒區有許多大型廚具組及各式食材;除了大型的溜滑梯球池區之外幼兒健身園地這裡還有規會小型球池及滑梯唷這裡很適合小小孩唷!!;;;哥哥們玩了一下午,鈞鈞也來加入只要有一孩童有購票,隨行未滿一歲的嬰幼兒即可憑健保卡或寶寶手冊免費入堡當時鈞鈞未滿一歲,所以是免費的~會在衣物上貼上證明;騎士廚房親子餐廳如果肚子餓了,可以選擇在園區裡的親子餐廳用餐不過我們是吃飽才來所以就不知道其餐點如何了!!;小美人魚的家營業時間:週日~週四: 10:00-19:50(最後入堡時間)週五、週六及例假日:10:00-20:50(最後入堡時間);快帶家中的小朋友來騎士堡瘋狂玩樂騎士堡是小人釋放體力、玩耍的不錯選擇!!;
【親子飯店】精選北台灣CP值最高11間飯店懶人包,52665,58,29,http://rechal63.pixnet.net/blog/post/59257894,捲捲頭外出輕旅行，較徧愛住飯店，近幾年來注重親子設施的飯店愈來愈多。裡頭提供了不錯的飲食與周邊設備，也讓全家人願意多花時間在裡面這樣，大人可以省去時間和人排隊找美食吃，也不用GPS找遛小孩的地點。吃喝玩樂通通一次在飯店解決。大人輕鬆，小孩快樂！;》》》 更多新資訊，可加入捲捲頭 品味生活粉絲團;《《《;;;;;Agoda中文訂房～;優惠房價查詢 請按入;;推薦一▋花蓮;▋ 花蓮翰品擁抱幾米，發現親子遊樂屋►按此詳讀若幾米是翰品的主打明星，那這間歡樂森林親子屋可以說是隱藏版的超級強棒因為我們發現，太小的小朋友根本不知道幾米是誰啊？他們可能會覺得那些塑像與畫冊很可愛，但魅力卻遠遠比不上這個讓他們去追，去跑，去玩的空間而且，這裡是 "每一個小時" 都會派專人打掃一次;推薦二▋蘇澳;▋瓏山琳蘇澳冷熱泉飯店。隱身古鎮的城堡►按此詳讀這家飯店的空間很大，不會讓人有擁擠的感覺，走到任何角落都能自由地呼吸。在這裡，從check in後，時時可感受到這間飯店服務人員的水準，他們認真真摯的面對每位客人，尤其對待小朋友，能從頭到尾記住他們的名字，這點是讓我最驚訝的。;推薦三▋宜蘭;▋;蘭城晶英酒店～芬朵奇堡是孩子們的快樂天堂►按此詳讀芬朵奇堡已經成為蘭城菁英對外宣傳的主打，來一趟宜蘭，不用花多少時間，就能讓小孩玩個痛快要逛街就到樓下的新月廣場，要吃小吃就走路去夜市行銷定位非常明確 ;;;;推薦四▋礁溪;▋ 在長榮鳯凰酒店走進小木偶Pinocchio的世界～►按此詳讀礁溪長榮鳳凰的小木偶主題，很適合帶著幼稚園到小四左右的小孩來玩不只小朋友能玩得盡興，大人也有豐富的餐飲與各種不同的湯泉可以享用裡面的活動真的很多，所以行前一定要先上官網看看最近有哪些活動，排好時間與先後順序，才不會錯過太多;;;推薦五▋福隆;▋ 福容大飯店。玩專屬沙堆，吃意外好料。►按此詳讀第一印象當然是那間超級無敵大的房間雖然是四人房，但不像一般飯店就排著二張雙人床打發。事實上可以隔成二間，很適合很熟的二對夫妻一同入住。可以坐在一張餐桌上聊天看電視，也可以有各自的獨立空間。但光是空間與那片沙灘，就值得了。 ;;推薦六▋野柳;▋ 泊逸渡假酒店。親子遊樂設施超豪邁，入住玩到瘋。►按此詳讀尤其是玩瘋屋，三年級以下的小朋友應該是百玩不厭;冰上曲棍球，投籃機，打地鼠，電視遊樂器，加上超大的球池泊逸很 "奢侈地" 用了整個頂樓打造一個專屬的室內親子空間不怕下雨，不懼颱風，無論什麼日子，這裡都是充滿歡樂 ;;推薦七▋陽明山;▋;天籟渡假酒店。讓孩子化身為小精靈的樹屋，變成船長的船屋！►按此詳讀入住天籟的感覺很不錯，尤其是親子設施，從兒童遊戲室，DIY，戶外活動場地到泳池帶小朋友來真的超級適合。尤其是各種不同型式的泳池，讓我都覺得這裡好像 "水上樂園"。以前這裡叫做 "天籟溫泉飯店"，似乎只屬於冬天。現在改名成為 "天籟渡假飯店"，也正是希望能夠改變那個印象。親自體驗過後，這個轉型很成功。 ;;推薦八▋中壢;▋;南方莊園渡假飯店。好住、好玩，更有金牌美食►按此詳讀南方莊園本身就有豐富的餐點，以及高檔的戲水SPA，加上暑假強打的戶外 BBQ以及新添加的親子設施讓這裡獨自成為一個小城堡，客人在裡面享受難得的優閒。; ;;推薦九;▋新竹;▋;六福村生態渡假旅館。不要尖叫，可愛動物上場囉！►按此詳讀六福莊內每日都有多場的DIY(有些要自費：比如面具彩繪、陀螺彩繪等...)，晚間還有免費的故事屋及假面人身表演等....;;;推薦十;▋新竹;▋;煙波大飯店。讓小孩DIY玩到翻天～►按此詳讀整體來說，煙波的親子活動做得很豐富，這個策略應該很成功因為入住的當天，應該有八成的客人都是帶小孩的有的還好幾家一起出動，一連包了好幾間房讓小孩跑來跑去串門子除了活動豐富是個賣點，煙波的優良地理位置也加分不少;;;;推薦十一;▋新竹;▋;喜來登Sheraton。住宿餐飲皆滿意～►按此詳讀;樓層的地毯超有時尚感，但也夠厚重，所以在房內幾乎聽不到外面的腳步聲。（這點捲捲頭超愛的）;依照節日不同，甜點區也會擺設不同裝飾。耶誕節快到了，已經有了一個超大薑餅屋，已經有濃濃耶誕氣氛囉～甜點區內有各式蛋糕，烤布蕾布丁，藍苺派。。。等等。也有現烤現做的鬆餅，可麗餅及炒冰。 ;; ;;;》》》 更多新資訊，可加入捲捲頭 品味生活粉絲團;《《《;Agoda中文訂房～;優惠房價查詢 請按入;;;;延伸閱讀;【宜蘭冬季特輯】;41個宜蘭雨天備案景點＋吃喝玩樂懶人包;【假日特輯】;遛小孩必看！53個宜蘭無料景點全攻略;【假日特輯】;有小孩必看！35個宜蘭親子DIY攻略;【親子飯店】;精選北台灣CP值最高11間飯店懶人包;;;;;
【野柳飯店】親子遊樂設施超豪邁，玩到瘋的野柳泊逸渡假酒店,56787,1,86,http://rechal63.pixnet.net/blog/post/58955728,; ; ; ; ; ;; ; ; ;野柳，又是一個好久好久沒有去的地方。上一次應該是小學某次校外教學吧現在除了女王頭不時上新聞之外，野柳對台灣本地人的吸引力遠不如陸客。但.....這次，捲捲頭要帶大家去一個開幕不久的飯店，這裡可是要大推特堆因為這裡的親子設施實在太棒，在國內住過的旅館飯店，應該還沒有這裡完善。所以現代的孝子孝女啊，感緊跟著捲捲頭腳步看下去吧!!!;》》》 更多新資訊，可加入捲捲頭 品味生活粉絲團;《《《;;;Agoda中文訂房～;優惠房價查詢 請按入這二棟就是飯店，右邊是一館(大廳，餐廳)，左邊二館(玩瘋屋，泳池)正對面就是海洋世界一館二館一館正門入口，那台 Subaru的顏色與設計線條放在這裡剛剛好check in 要在一館大廳，這個大廳有沒有很不一樣啊跟一般星級的飯店完全不同，充滿了時尚與科技感啊高興地要跳一下!!!旁邊有一片畫出來的藍天白雲供人拍照，有幾個玩具頭套。我怎麼不知道亮亮豬的前世是條章魚??? 有夠像進房間了，這隻章魚趁我還沒拍照前就躺了下去這床墊很好睡，硬中帶軟，有種魔力把人吸進去可以讓我痠痛的腰緊緊貼在上面休息....舒服啊.......房間的顏色以科技灰為主色，再加上這種亮橘做為飯店的主打顏色浴室走簡約風格中間是洗手台，左邊是淋浴間與按摩浴缸，右邊沒拍到的是馬桶，分別都有門所以小小的浴室空間，可以有很多種變化備品也不錯喔，雖然不是名牌，但包裝蠻有質感。FX也是同一集團的飯店體系這隻章魚在按摩浴缸旁找到了家因為可以躲在這裡看電視啦讓我們到二館頂樓，看看什麼叫做 "玩瘋屋"!!!電梯一出來....哇，鮮艷的色彩，擺明了這是小孩的天堂往左邊一轉，不會吧，整層都是遊戲區???左邊玻璃窗內是獨立電視包廂，可以看電視，或是打電動這二桌冰上曲棍球非常受歡迎，還有電子記分功能，超好玩。看，大人都佔著不放.....二台投籃機這位小弟很想示範怎麼打地鼠給我們看還是讓大姐姐來吧穿過中間的休息區....來到.....超級大球池區瑞瑞豬已經高興地說不出話了這個球池，不但大，而且很深，我踩進去都快到膝蓋那麼深好多小朋友是用 "飛撲" 進去的，安全度很夠看!!! 這麼大!!!這麼多球!!!!每個父母都希望孩子的童年都跟球池一樣多采多姿啊這隻章魚的吸盤吸力果然強大，可以爬上溜滑梯到處爬....看!!! 她要吐墨汁了喔.....看看那張臉，就是快樂!!!小孩+彩球，這畫面真不賴!!!頂樓的玩瘋屋過癮了嗎？換上泳裝到一樓!!!!嘿嘿嘿，室內親子泳池;有二支強力水槍!!這個親子泳池讓每個不怕水的小孩都瘋了空間不是很大，但就有四種泳池可以玩這個小弟才剛會走路沒多久吧，到處跑這上面的水量真不是蓋的，像下豪雨一般趁沒人時再補拍二張，可以看出泳池區也是充滿設計感啊。上面是直線線條這裡是圓形與弧形，這個角度真的很不錯!!!;這裡也有健身房，但使用率很低。因為....大人在陪小孩啊.....在玩瘋屋與泳池玩到自己叫肚子餓，剛好帶來吃飯一館大廳有個四台投影機投射出的螃蟹圖案活蹦亂跳的，讓小鬼們玩一下這個設計真的不錯，花費不多，卻讓小孩尖叫連連漁人餐廳，也是充滿著設計感。紅黑為基調，搭上不同顏色的椅子做跳色漁港旁邊，當然有鮮紅活跳的蝦子現煮區，右邊是現切的生魚片與肉類，左邊可以自己調配麵食當然也是有一整排熟食可以選這是炒咖哩萬里蟹!!萬里蟹據說不輸給大閘蟹，但我不大會吃，所以也吃不出來這又是一大盤萬里蟹，好像很辣喔玩得瘋，又吃飽喝足，就變成這樣啦。餐廳裡直接倒下;沒肚子裝的巧克力泡芙據說非常美味的烤布蕾吃飽喝足，沿著時尚大道慢慢走回房間從餐廳可以清楚看到樓下跳躍的紅螃蟹，大人小孩都愛玩一二館都已經點上七彩霓虹燈;早餐也在漁人餐廳裡享用，中式、西式、日式一應俱全。;早餐從七點半供應到十點，我們就慢慢的吃，看看海景，聊聊天。喝了杯拿鐵與鴛鴦奶茶，早餐就這樣吃飽飽的離開～昨天晚餐時沒看得很清楚，吃早飯時又發現餐廳有很多值得讚許的設計元素有很多隻爬在牆上的銀色螃蟹，很有質感這個燈也很漂亮。造型不知是否來自漁船上吸引魚群的大型燈泡這個燈也很漂亮，像是魚群洄游的感覺這個現場看不出所以然，回家一看，應該也是模仿魚群的藝術品吃完了早餐，問問要不要去海邊走走？難得來野柳喔...小孩才不理那些，經投票決議，再回到頂樓去玩!!!衝向球海，其實誰不想玩呢??這張是故意露出手腳的二秒前的照片是這樣，章魚的隱身術果然高明頂樓玩瘋屋還有個大型室外溜滑梯天氣好的時候，出來曬曬太陽在行前看了泊逸的官網，就對這裡的親子設施充滿期待親自體驗之後，果然與眾不同尤其是玩瘋屋，三年級以下的小朋友應該是百玩不厭冰上曲棍球，投籃機，打地鼠，電視遊樂器，加上超大的球池泊逸很 "奢侈地" 用了整個頂樓打造一個專屬的室內親子空間不怕下雨，不懼颱風，無論什麼日子，這裡都是充滿歡樂;個人覺得，泊逸的房間 "精緻" 了一點但因為有這些親子設施，其實根本沒有多少時間是待在房裡的大多都在玩樂，游泳，或吃飯連近在咫尺的野柳地質公園，我們都沒時間去小鬼們幾乎是踏進飯店裡就沒有出來過可見這些親子設施多受他們的愛戴!!;個人樂見台灣終於有旅館願意花如此大手筆投資於此因為，為小孩花錢，花得心甘情願啊;;;;野柳泊逸渡假酒店(BOUTIX RESORT HOTEL YEHLIU)住址：新北市萬里區野柳里港東路162之2、之3號電話：02-7703 5777;;》》》 更多新資訊，可加入捲捲頭 品味生活粉絲團;《《《;;;;
[台中住宿]AkaJohn～法式日雜鄉村風、專為小小孩打造的親子日租房,54455,13,55,http://carol218.pixnet.net/blog/post/32571697-%5b%e5%8f%b0%e4%b8%ad%e4%bd%8f%e5%ae%bf%5dakajohn%ef%bd%9e%e6%b3%95%e5%bc%8f%e6%97%a5%e9%9b%9c%e9%84%89%e6%9d%91%e9%a2%a8%e3%80%81%e5%b0%88%e7%82%ba%e5%b0%8f%e5%b0%8f,好友小豆要帶兩個小朋友到台中一遊問我有沒有推薦的住宿？我想到前陣子看到小波娘在FB提到的AKA John，馬上推薦給小豆入住當天，我前往拜訪，順便參觀了一下（ps.參觀經過屋主同意，以不打擾其他房客為前提）真的是好棒的親子民宿！撇開「親子」不談，民宿本身的佈置就相當吸引人各式鄉村風雜貨和家具，給人很溫馨的感覺小朋友該有的設備、書籍、玩具更是應有盡有要不是民宿就在台中，真的好想帶小小wei來住啊！也忍不住要趕緊分享給外縣市的親朋好友們AKA John位於台中世貿、東海牧場附近，算是比較郊區的位置。大門非常溫馨！這是庭院，有個沙坑據說小阿十一進門就被沙坑給「黏」住了，玩了兩個多小時才甘願進房其實沙坑內的不是細沙，而是比較類似彩色透明的水晶小石子客廳裡彩繪上大樹，還有溜滑梯呢！為小朋友準備了不少書籍、玩具隨意一個角落應該都可以讓小朋友安靜的待上好一會兒就連這個冰箱也是玩具！裡頭是可以儲物的櫃子，放的也是玩具竟然連費雪安撫椅、媽媽用的月亮枕都有呢！（比較納悶的是，竟然沒有提供兒童餐椅）隨處都可以看到這樣的標語很有鄉村風的木製餐桌椅不大，但很溫馨的廚房（禁止使用瓦斯爐）可以打奶泡煮拿鐵的咖啡機baby會用到的消毒鍋，這裡也幫你準備好了這粉紅色溫馨的小門裡頭是廁所大馬桶小馬桶並排，小朋友不必勉強上大人的馬桶還有個可愛的大象衛生紙架方便小朋友洗手，凳子不可少小豆一家兩個晚上分住不同的房間，第一晚住的是頂樓的「海之旅」小弟弟躺在床上，阿十跑來偷親了一下弟弟，看得出很愛弟弟喔！希望小小wei也會疼愛妹妹…這個另外區隔出的小空間，像是個祕密閣樓似的，裡頭還有玩具跟童書，小朋友一定愛死了白天可以享受自然光線的浴室;第二個晚上，則是入住像粉紅城堡一般的「星之旅」，房間相當大裡頭有娃娃屋，還有粉紅色的流理台！造型簡單卻很有格調的的書桌才滿月沒多久的宣小弟好久沒看到這麼小的娃娃啦～感覺這樣的日子好遙遠（很快又要重來一遍了…）;;有不少高格調的民宿，特別強調不歡迎小朋友入住說真的，我覺得這也怪不了民宿主人，畢竟要好奇又好動的小朋友忍住探索的慾望並不是一件容易的事能有像AKA John這樣的住宿選擇，真的太感人了也衷心希望這樣的民宿能多一點啊另外帶小小孩出門，最不方便的就是要大包小包帶很多東西AKAJohn什麼都有，相信可以減少很多行李而且這裡這麼好玩，小朋友一定會玩得樂不思蜀的外地的朋友們，快帶小孩來台中度假吧！AKA JohnFB:https://www.facebook.com/akajohn.tw/?fref=ts房價及訂房方式請洽blog：http://maymay2859.pixnet.net/blog[其他親子住宿][石岡新社民宿]初心旅行農莊民宿~何家牧場。美好的早餐以及廣闊農場空間[石岡新社民宿]初心旅行農莊民宿～何家牧場，農場中的親子民宿(包棟房間篇)[嘉義住宿]承億文旅之嘉義商旅～藝術、時尚、舒適的設計旅店[嘉義住宿]桃城茶樣子。處處精彩、以茶為主題的文創設計旅店[新竹新埔]上海早苗別館(早苗莊園)~濃濃中式風情，適合親子/包棟民宿[淡水住宿]承億文旅之淡水吹風~小朋友也很愛的質感設計旅店[新竹]煙波大飯店湖濱館～為親子客群打造的香榭館，寬敞家庭房＆遊戲設施、品質不錯的莫內西餐廳晚餐[南投埔里]熊麋鹿了~充滿溫馨笑語，鄉村雜貨風幸福手作民宿(嬰兒床提供)[日月潭]竹石園～每間房都有湖景的幽靜住宿空間（也有提供簡餐、下午茶、生態旅遊及旅遊諮詢）[埔里]漾之谷溫泉別莊，有大浴池的四人房以及半露天湯屋[宜蘭]蘭城晶英酒店~芬朵奇堡，男孩的天堂、好玩的親子飯店[墾丁住宿]聽靜海休閒會館Lulu Villa~海景絕美，但新開幕期間有些小缺憾[墾丁]日安。寶貝～手感木作，親子友善民宿（附嬰兒床、嬰兒澡盆）[龍潭住宿]鳳瑄的家（可包棟，近小人國、六福村）[苗栗通霄]湘庭客棧。包棟民宿親子遊[台中住宿]AkaJohn～法式日雜鄉村風、專為小小孩打造的親子日租房facebook粉絲專頁山。雲與藍天也可以宣傳你的粉絲專頁小小wei也可以宣傳你的粉絲專頁;
▌親子穿搭 ▌絕不能錯過的經典條紋.菱格♥Crocodile鱷魚牌男女裝、童裝♥Merry X'mas耶誕親子裝,16241,20,62,http://abcfamily88.pixnet.net/blog/post/108280444,;;;;We wish you a merry ChristmasWe wish you a merry ChristmasWe wish you a merry ChristmasAnd a happy New Year最近出門走在路上,心情都會變的很愉悅而且情不自禁都會跟著哼起歌來因為到處都會放著聖誕節的歌曲啊一年四季的節日,我最喜歡的就是聖誕節每到１２月總是會想要去買些聖誕飾品放家裡增添幾分聖誕節氣氛;如果你和我一樣也很喜歡聖誕節有沒有想過也可以在這溫馨的１２月來個聖誕變裝應應景呢但總不可能叫我穿著聖誕老公公出門辦事接小孩吧今天就跟大家分享,利用好看又好搭的冬季Crocodile系列來個歡樂耶誕親子裝吧！;耶誕親子裝１　聖誕紅條紋親子裝條紋控請服用;如果看過上一篇Crocodile夏季親子穿搭▌親子穿搭 ▌ABC Family時尚品味穿搭 &hearts;Crocodile鱷魚牌男女裝、童裝&hearts; 潮爸水媽Q小孩~好靓啊!不難發現條紋、菱格還真是Audrey媽的心頭好啊！沒辦法～～條紋菱格的確是Crocodile家絕不能錯過的經典更是一年四季的百搭圖案啊！！！;這套親子裝組合我就是想以聖誕紅及耶誕老公公的黑色腰帶做發想聖誕節代表的植物就是聖誕紅啦選擇像我們這樣的紅色,是不是就很對味呢還可以一路從１２月穿到農曆過年都很實穿呢說好是要來個聖誕裝應景搭配上黑色條紋配色,是不是整體上就相當符合主題;您現在看到我們阿湯哥身上所穿的就是Crocodile本季最新款的黑紅條紋polo衫＋黑色鋪棉麂皮背心;柔軟舒適的長袖polo衫我覺得真的很適合每個爸爸穿耶不管是什麼行業都能展現男性的魅力跟氣度而且對他們來說～就是簡單好穿接受度高;精緻做工的繡字訴說著每款polo衫都是Crocodile的代表作;這款紅色為底黑色條紋為輔的polo衫可以說是相當的百搭不管是下半身穿著深色西裝褲,或者是輕便的牛仔褲顏色搭配上,都是相當得宜的，穿去上班也不會失禮！一開始還以為A爸會排斥這種比較亮色系對比的上衣結果他可是愛得要命，一直說自己很像美國大學生XDD（原來男人也是很在意年輕這檔事XD;背心的麂皮表面處理在保暖度上有很大的幫助但為了減輕整體的厚重感還特別做了滑布拼接不僅把背心的厚重感給減輕了還讓整個背心看起來更加有層次設計感;背心左右內裡還車了一個暗袋;外出的時候～可以擺放錢包或手機相當的方便喔;其實我覺得讓爸爸們帶一件這樣的背心真的在適合不過男生有時候真的都不太愛穿很厚簡稱叫（假勇）早上出門也許還不覺得冷但下午回家時又開始變天給他們一件背心穿就不怕著涼了;兩側都做有口袋的設計看是要耍帥手插口袋還是要放隨身小物品都很方便而且還有暗釦防止口袋東西掉出啊！（非常重要...;而我則搭了一個同樣色系的條紋線衫這款線衫屬於版型較長可以遮到屁屁上方領口的部分則是立領;Crocodile這款紅底黑條紋的線衫質料比起我們一般拿來搭配衣服的線衫來說比較厚實一點所以可以拿來單穿也不怕冷;我很喜歡這個小口袋的設計放個小零錢或小髮束都很方便口袋還用了不同麻花車工真的很費工的可愛小設計呢;條紋是最不顯老的設計款穿上這樣長版的線衫帶給人有青春活力的感覺呢而且另外要拍拍手的～在腰間的設計利用寬窄相間的線條變化刪除了條紋會顯胖的盲點是不是好棒棒呢～;輕輕鬆鬆就完成了我們的偽青春情侶裝的搭配讓你就算只是去公園丟丟飛盤也可以公然的曬恩愛喔;（小三突然出現，阿木自知之明默默讓出腦公身旁寶座）相信前幾張照片閃過你的眼神應該有瞄到Audrey身上這件連身背心吧沒錯～我看到這件背心的時候就失心瘋啦！看起來好可愛好保暖喔;前面是採鋪棉設計口袋做了一個假圓車邊小朋友冷的時候手手整個都可以放在裡面取暖;保暖的鋪棉材質讓小朋友可以得到最溫暖的呵護隱藏式的拉鍊～和珍珠貝扣小朋友穿脫上方便也不會有被拉鏈吃頭髮哀哀叫的畫面;很少看到小朋友背心是做這樣異材質的拼接比起一般普通開襟背心來說這樣的整件式鋪棉背心相當特別而且跟我們家裡的防踢背心好像一定很保暖吧～我也好想來一件喔！;另外這件復古色小直筒牛仔褲整個超有型小孩子的牛仔褲很少可以看到做這種顏色的我覺得這個顏色很中性不管是小女生或小男生都很適合穿上去會有種小大人的感覺;自然的刷白色布質上摸起來比一般牛仔褲更加柔軟小朋友穿起來跑跑跳跳都可以很自在;;帥氣耶誕父女裝;;亮麗耶誕母女裝;那天看小S跟賈永婕去野外露營發現他們也特別都穿了聖誕主題的服裝還好我有先見之明準備了這幾套聖誕全家裝到時候如果有朋友party就不用又傷腦筋了而且這樣的服裝又耐穿不會說派對結束後就不能穿了是不是CP值好高啊！;;雪花點點傘裝長版外套點點控請服用另外這件雪花點點外套點點控本人我一看到就愛上了黑底加白色大小點點我之所以會喜歡這件的原因這件的版型很活潑可愛優雅帥氣又不會點點到太作做胸線的部分還車了一條可愛的蕾絲上面還縫上了白色小珍珠這樣的拼搭風格讓衣服的活潑度大增讓別人近距離看我們的時候也能發現衣服的獨特處女生就最愛這樣啦～跟人家聊天聊一聊～目光就不自覺飄到對方衣服身上了高領拉鏈的設計更可以抵擋寒風讓體內的溫度可以一直在衣服底下持續循環穿上這件衣服～就覺得身體超級暖和的;連下擺傘狀的收邊～也做得很圓弧感說真的，為什麼有些衣服一穿你就會覺得很好看如果版型對了, 對於剪裁的比例有要求穿在我們身上合身，自然你就會覺得好看;這個長版的雪花點點外套長度大約到屁股那個地方好像一個可愛的小花苞，也順勢遮住了女生在意的屁屁肉;選擇Crocodile的好處就是一家很容易可以找到相同的色系衣服搭配顏色上都能有一體的感覺也許你這樣看不會覺得說大家有甚麼共通性但拍照起來～整體感就顯現出來了現在很多人都會習慣ＦＢ打卡你看～像這樣的打卡照是不是充滿著幸福與同手同腳的相愛感覺呢;耶誕親子裝２　聖誕格紋親子裝格紋控請服用這套格紋服裝,則是以耶誕禮物來做一個發想每到聖誕節,小孩最開心的莫非就是收到聖誕老人的禮物我想這份喜悅只要是小時後有經歷過的大人,到現在仍然會懷念穿著猶如聖誕禮物一樣的格紋外衣讓我們可以把聖誕節收到禮物的愉悅充分展現在身上;A爸這件黑底灰菱格毛衣穿在身上自然的柔順服貼;;;領口設計式簡單的V領造型可以顯現出男性的俐落感當然Crocodile的形象LOGO就是整件針織衫的價值感提升所在;袖口及腰圍的部分;都有做了一個束口收腰的設計但並不會是很束缚的感覺讓柔軟的針織衫也可以很有精神的表現;因為拍照當天是帶Audrey到戶外走走所以我就簡單搭配了一件棉質的窄管褲做搭配這樣穿著造型相當的休閒如果上班族的朋友,我也很建議可以搭配素色裙子不論是a字裙或者是窄裙,傘裙搭配上來都非常好看;你看這件看似開襟針織外套其實它是件套頭針織衫喔也就是胸前的珍珠貝鈕扣只是裝飾作用的所以你要單穿也可以也可以從菱格紋上找個喜歡的內搭衣顏色來配就是很有整體感囉;;下擺的地方縫有Crocodile金屬名牌品牌的經典就是存在每個你看得見的小細節另外小螺紋的衣擺收口讓整件衣服的包覆性又更好動來動去的時候也不怕會有冷風灌進去難怪我穿這樣在公園玩.雖然風很大也不會覺得冷;那天剛好是A爸出差回來的隔天（真的有點想念）果然人家說小別勝新婚啊難怪我會這麼含情脈脈的看著他幾天不見,感覺大叔您變帥了啊？A爸：不是我變帥,是穿了Crocodile讓我更帥！;;那摸。。。幾天沒看見你的水某我本人穿上Crocodile有沒有覺得偶變得更妖嬌米粒啊A爸：來來來,哩來,站好我看看。。　　　好像有給他變的多一點點溫柔;頓時間！頓時間！讓我有時光倒流回到A爸還很愛我的那時候（現在是有多不愛啦）不是啦～就是有那種甜蜜蜜的港覺啦！;;其實夫妻就是這樣在一起的時候總覺得會有看對方不順眼的時候偶爾會有吵架拌嘴巴不得對方就消失在自己眼前但真的離開個幾天看不見對方的時候又會開始覺得想念了;;偶爾製造一些小情趣可以讓彼此之間的感情更加升溫對於一些比較害羞怕肉麻的朋友如果說妳真的也想不到要用怎樣的方法增進夫妻情感其實一起穿個有搭配性的情侶裝也是一個間接的表達方法喔可以讓對方知道嘿～我們是生命共同體喔,要記得相親相愛喔;;當然也不要忘記我們的小電燈泡啦;幫Audrey搭了一件可愛的長版菱格襯衫我覺得這件的版型很好看如果天氣冷一點~像我這樣穿個內搭褲+馬靴~看起來就相當帥氣可愛;這件紅格子襯衫設計是在領口部分有三個扣子下面就直接是做散狀的設計小朋友穿這樣的衣服就很開心啊如果一整排釦子～都要扣到哭哭了這件上衣如果是天氣好的時候搭個牛仔小短褲也是很可愛但因為天氣冷了～Crocodile冬季也有出內搭褲衣服底下跟褲子底下的小鱷魚剛好可以配一套;我喜歡這樣一個舒適且輕鬆的放假天可以和自己的家人一起在戶外享受陽光與歡笑也能藉機讓全身的筋骨好好的伸展一下當然你也不需要一定刻意自己全身都是運動LOOK;你們不要看A爸穿起Crocodile這麼帥氣的模樣覺得他本人好像很會穿衣服他跟大多數的爸爸一樣衣服只挑舒服,習慣的穿所以我一看他對Crocodile這麼喜愛真的連忙幫他入手幾件起碼外出跟我們穿搭才不會格格不入啊！（好幾次出門都為了他的穿著吵架...大叔的審美觀實在很與眾不同，有空再來聊...）;總歸一句,還是我這個老婆選得好！是吧是吧～哈哈不過Crocodile真的是很難得我們比較有共識的品牌你說這男人是不是很難搞定;//;;我很喜歡這套衣服穿出來的感覺很有歐洲英倫學院風價格比起一些精品名牌卻是又相當的平民啊這次選的兩個聖誕主題是不是很百搭又有質感呢？如果覺得聖誕派對裝很花錢又不實際不彷可以考慮好穿又實搭的Crocodile像我這次選的我就覺得挺實穿的天氣冷要多加衣服也可以，春天的時候來穿也很適合快點去Crocodile挑選屬於你們家的聖誕派對親子裝一起參加交換禮物的親子派對吧！;Crocodile鱷魚牌官網;;Crocodile鱷魚牌FB粉絲團;現在「加入Crocodile Taiwan粉絲團可享不定期獨家優惠訊息」Crocodile全系列商品銷售通路：i. 成人男女裝：http://goo.gl/qw7Tv6ii. 小鱷魚童裝：http://goo.gl/7Ll1JXiii. 眼鏡：http://goo.gl/IMhpDPiv. 鞋靴：http://goo.gl/gsYDCSv. 皮件/箱包：http://goo.gl/zdwZAdvi. 毛巾：http://goo.gl/ZWDpTovii. 內著襪子：http://goo.gl/SmCauB;訂閱動態;--點我;ABC Family更多精采文章;--點我很多人反應看不到粉絲動態，請大家做個小小設定把(更新)和(興趣)這兩個選項打勾，才不會錯過，可以隨時掌握好康團購與ABC消息喔!!點入粉絲團，(按讚)--;(設定接收所有更新)--;(列興趣清單)好康資訊都會在粉絲團發布!!; 喜歡親子穿搭的朋友，別忘了您的順手＂推＂讚 " 轉分享"是Audrey媽繼續分享的最大動力喔！！;;
2015兜兜風（秋冬季）～親子步道 齊步走,6507,4,9,http://beetlewalk.pixnet.net/blog/post/200726658,雲朵間的艷陽展現毫不吝色的熱情，樹梢鳴起了蟬聲不停地回應林間午後的陣陣雨水，洗去了一抹熱氣熱壞了低垂的植物們，再度滋意生長水在雨、雲、河、海中不斷的流替，伴隨著季節交替交錯影響著我們每天的生活，也型塑了生命的律動～;水與環境，將帶領着孩子們揮汗的身影，從環境中探尋水的足跡！並讓我們行走於自然，感受節氣與水在大地上韻染出的獨特景緻代替著炙熱的艷陽，與孩子共同流走於自然間~;~跟著大兜老師，一起來去步道兜兜風~;本期共分5個班別，請參考下方課程表:週三 A組- ;朝陽班（AM10:00~12:00） 、星辰班（PM14:00~16:00）週三 B組- ;微風班（AM10:00~12:00） 、白浪班（PM14:00~16:00）週六 C週- ;; ; ; ;此時段無開放 ;; ; ; ; ;; ; 、穀雨班（PM14:00~16:00）;每班名額: 10位幼兒。(未含2位補課名額)年 ; ; ; 齡: 3~6歲。（以步行為主，不建議推行娃娃車）費 ; ; ; 用: 3600元/整期9堂 ;(含講師鐘點、講義、保險、教具材料等費用); ; ; ; ; ; ; ;; ;450元/單堂;; (需待開課後與老師確認該班可補上餘額);課程表 報名連結於文末;;編號課程朝陽、星辰微風、白浪穀雨1尋果備冬-台北植物園09/0209/0909/052水滴旅行-公館寶藏巖09/1609/2309/193自來好水-公館水園區09/3010/0710/034今水過往-圓山水神社10/1410/2110/175垃圾撲滿-木柵焚化廠10/2811/0410/316海岸巡禮-淡水渡船頭 11/1111/1811/147紅樹綠筆-淡水紅樹林11/2512/0211/288候鳥報到-關渡自然公園12/0912/1612/129登高望遠-內湖白鷺鷥山12/2312/3012/26;（預留補課用）（01/06）（01/13）（01/09）本期部分步道集合點距離捷運須步行10-15分鐘，請家長報名時務必考量。;備註事項:1.;攜帶物品：個人藥品、飲用水、點心水果、色筆、毛巾、雨具、隨身包。2.;建議穿著：包腳鞋、長褲、保暖衣物、遮陽帽。3.;其他物品：依前往場地不同於行前通知備註。如：雨鞋、望遠鏡、剪刀、軟鎚等物品。4.;建議3~6歲幼兒參與，但因幼兒肢體與認知發展具有個體差異，家長請自行評估或聯絡老師安排有餘額且適合的班級。;注意事項:1.;學員需自行前往課程地點集合，每次地點遠近的交通時間不一定，請自行考量交通方式。報名完成後將寄發行前通知（集合地點）至您所留之E-MAIL。 ; ;2.;課程地點若需門票，需再另行自費。3.;此為親子課程，每家庭需至少有一位家長陪同參與，協助孩子保安與協助參與課程。4.;步道課程因受限地區環境，大部份無法推行娃娃車，建議家長先行評估考量孩子體能。5.;步道課程為感受自然四季與環境變化，除因不可抗拒因素（風災、地震、豪大雨等）與行政院人事行政局公告停班停課訊息外，課程均照常進行。6.;若因行政院人事行政局公告停班停課，課程將通知延後或擇期補課。7.;課程老師可視天候狀況調整課程地點或停課，最晚於課程前1小時簡訊通知。8.;線上報名後需於五日內完成繳費，並mail:beetlewalk@gmail.com回覆繳費帳末碼，管理方於確認後將寄出收到匯款確認信，始完成所有報名程序。9.;每班正式名額為10位幼兒，每班只預留2位補課名額，單堂最多只達12位幼兒;欲補課請先與老師聯繫確認，未連繫者若現場已滿額請恕無法加入課程。10.完整參與課程者即為&ldquo;舊生&rdquo;，將可享有下一期課程續上預留名額。如請假未找代課達2次，預參加下期課程，需自行上網報名，無法享有續上預留的權益。;請假方式:1.;學員請假請於一天前簡訊或LINE 通知 大兜老師（0921-581723 ; ID-beetlewalk）。2.;請假通知請註明：學員姓名、班別、請假日期。3.;若請親友代課，請看下方補課方式說明。;補課方式: 每班只提供2位補課名額/親友代課方案，以1位替補1位為原則1.;其它班別補課。2.;親朋好友當班代課。3.;親朋好友它班補課。4.親朋好友它堂補課。請先與大兜老師確認代補課名額，需收到大兜老師回覆為代補課確認。請簡訊或LINE提供：代補課班別、學員（全名、身分證字號、出生年月日）;家長（全名、聯絡手機、E-MAIL），為保險與聯絡用。;退費原因與方式:1.;學員自行請假未補課及代課: (單堂費用-30%行政處理費)*請假堂數=退費。2.;行政院人事行政局公告停班停課/老師自行停課: 單堂全額退費。3.;退費將於整期課程結束後統一辦理。;聯絡資訊:大兜;0921581723 ;亮亮 0931816055e-mail: beetlewalk@gmail.comFB: 王嘉靖 ;( 大兜老師 );期待～一起來去趴趴走！;請閱讀注意事項與補課、退費事宜請按此連結報名/ 一位幼兒請填寫一張報名表感謝大家的支持!目前步道課程均已額滿~;您仍可填寫候補資料，並於備註中標明預候補班級，;若有名額釋出將再電話通知您詳細事項～;（候補成員請勿先匯款喔！）;;;活動照片:;(感謝課程家長分享活動照片)看地圖～前往目的地！;觀察在地的生物從不同角度發現新視野親手感觸自然的質感、溫度; 親子共同體驗、分享; 創造共同的自然記憶順應天候的變化 享受當下 感受自然脈動; 與好朋友一起休息、分享; 是最好的充電時光利用簡易的工具 感知自然 乘風而起; 感受生物間的演替 向自然學習; 原來我們也身處其中;請閱讀注意事項與補課、退費事宜請按此連結報名/ 一位幼兒請填寫一張報名表感謝大家的支持!目前步道課程均已額滿~;您仍可填寫候補資料，並於備註中標明預候補班級，;若有名額釋出將再電話通知您詳細事項～;（候補成員請勿先匯款喔！）;
羅東孩子王民宿(宜蘭親子民宿),2212,0,11,http://fzrnsr2002.pixnet.net/blog/post/199871155,老木我一直很想帶祥哥和妍妹去有溜滑梯的民宿溜噠溜噠的說，一直沒有機會，因為溜滑梯的民宿都太熱門啦，假日要去的話都要在好幾個月前就要預訂，要不然都會客滿就在8月某一天的晚上，老木在當低頭族的時後，看到了羅東孩子王民宿&hellip;&hellip;哈哈&hellip;&hellip;新鮮出爐的ㄟ，還熱騰騰的喲，立馬就來下訂一進大廳的模樣，哈哈哈，水噹噹ㄟ，民宿主人把大溜滑梯搬到大廳啦;;;;;;;溜滑梯一下來就是球池，祥哥玩到不想回家ㄟ ;溜滑梯的另一面，是不是太可愛了你說說，海綿寶寶的軟墊也太大了吧！老木我都可以在上面翻滾了！  ; ;這次為了祥哥,選擇了海綿寶寶的房型下舖是雙人床.上面還可以睡一個人天花板也太用心了啦,竟然有海棉寶寶在上面  ;溜滑梯有鋪上了地毯,讓小朋友溜下來ㄉ速度減慢.老木有去試溜一下, 因為有加地毯,屁屁溜下來ㄉ時候有點燒....哈哈房間內有故事書還有拼圖,還有幼兒的搖搖馬~~~好貼心阿~~~祥哥有認真的看完故事書喔 ;這次的行程有點趕,有好多細節沒有拍到,下次有機會再去的話再補上來ㄟ~~~;;;;;;;;;;
【台東親子民宿】訂不到的溜滑梯房，台東民宿庫 !,48044,0,38,http://rechal63.pixnet.net/blog/post/59927221,;;;;;;;環島的行程來到東南角，這是我們第一次到台東市，比想像中要大很多，而且要繁華不少。或許是這三天都在比較鄉下的地方吧，看到都市反而不適應。跟著GPS的指示，來到新的台東火車站附近，這裡有許多新房子，更讓人吃驚的是，幾乎90%以上都是民宿。真的不誇張，這一區民宿的數量超--級--多!!!!這麼多民宿，我們看上了一間有溜滑梯的，但....二周前訂房時老闆說沒了。這.....還是去住住看吧，說不定可以探頭看看溜滑梯房長甚麼樣子，至少可以帶給大家第一手消息。》》》 更多新資訊，可加入捲捲頭 品味生活粉絲團;《《《;;;Agoda中文訂房～;優惠房價查詢 請按入民宿庫，是這一區唯一沒有招牌的。但它的正門卻設計得很特別，本身就是招牌吧。;;一進門，深藍色大門配上洗石子，有點特殊從門口往外看，也算是極簡的風格。可是，怎麼地上好像有些奇特的事會發生??哈，原來地上畫了一幅3D立體畫!! 前二年開始流行這個，沒想到老闆不把資金拿去裝招牌，而是請人來畫了這幅圖。亮亮豬跳得過去嗎？旁邊可是有獅子與花豹在等待著獵物喔一進門的鞋櫃上，有台東山豬在歡迎各位櫃台，後面畫出來的置物櫃蠻有意思的公共區域兼早餐區。那面咖啡色又帶點土黃色的牆面很搶眼晚上跟老闆聊了一下，他說這些圖案走的是 "工業風"。就是要有一些齒輪，輸送帶之類的啦。之前的置物櫃也是類似想法。小孩才不理甚麼工業風，看到地上的跳跳馬就自己 high了起來。喂!!先進房間啦。沒訂到溜滑梯房，而訂到禪風房。(這差異會不會太大???)二張大床的面積很夠意思。床單也很乾淨，床墊偏軟，還不錯睡。(累了哪裡都好睡)本放在電視下面的小沙發，相信每個房客都會把它轉個方位好看電視吧。衛浴很乾淨，備品也很有水準。屋外陽台往前方看出去的景象。有看到中左方那頭牛嗎? 不知哪位將牠綁在那裏吃草？過一陣子出去拍時已經不見了。都市人看到活生生的牛應該會很興奮吧這是二樓的通道，來這裡做甚麼呢？嘿嘿嘿，當然是來參觀沒有緣分的溜滑梯房啦。預定的客人還沒來，趕緊進來瞧瞧。整間房以綠色，白色為主，間接配上木頭原色，感覺很自然。樓梯上去，一邊是溜滑梯，另一邊是小孩用的床。床下方 (照片右邊)則有秘密基地的空間，若是二年級以下的小朋友來，會玩起躲貓貓的。溜滑梯的起點。滑梯長約2.5公尺，不算短。跑個十趟晚上好睡覺!!!滑梯房的大人床也是活潑走向，顏色繽紛。不過老實說，雖然這間房是面積最大的一間，但中間做了滑梯與大量隔板，感覺上空間就比較小了一點。;;;這是二樓另一間，衝浪主題。藍色大海為主色，牆上那張衝浪板是真的，老闆特地買全新來掛上的喔。晚上到鐵道文化村去逛逛。這裡掛滿了中學生畫的熱氣球燈籠。我們的新偶像，饅頭人一出現大家都很高興。他的好友James當然也不會缺席燈籠數量真的超多!!!! 一直延伸到誠品的台東故事館那邊。小小兵當主角的卡通好像也快出來了這是我最驚豔的，這有個超大型的蜘蛛人模型!! 這個太酷了，就算放在台北也很前衛啊。晚上拍也別有特色，肌肉線條顯得更明顯。台東市的晚上很好逛，路大車少，停車位很多，而且都是免費的。在這生活自在的很。對於第一次來台東市的我們，這裡真的好棒。有剛剛好的休閒，卻沒有過於壓迫的消費壓力。但畢竟，不是每個人都適合台東......像是交通，醫療，教育等等，都是台東人永遠解決不了的心理痛所以，還是來台東短暫度假吧。若要在市區選民宿，台東民宿庫是間價格很漂亮的好選擇。離鬧區開車10分鐘左右，離九號與11號省道都只有幾百公尺，交通非常方便。如果你要特別訂滑梯房的話，可能要很早就訂位。因為老闆說自從開幕以來三個多月，那間房好像就沒有空過.........;本篇遊記同步曝光於瘋台灣台東民宿網;;台東民宿庫查詢空房及隱藏優惠地址： 台東市志航路一段412巷27弄20號電話：0905-131-151;/;0952-131-151電話訂房時間：早上7點至晚上10點官網：http://www.minsuku.com.tw/;;;延伸閱讀：【台東遛小孩景點】讓人大開眼界的「台東史前博物館」延伸閱讀：【台東遛小孩行程】山與海的什錦拼盤，台東六天五夜旅行！！！延伸閱讀：【台東遛小孩景點】台灣熱氣球嘉年華，鹿野高台坐熱氣球！！！延伸閱讀：【台東鹿野推薦美食】高台路田媽媽之傅姐風味餐🍴武陵綠色隧道angel mini cafe🍴春一枝冰棒🍴瑞源200哩客家粄條延伸閱讀：【台東遛小孩景點】台東海岸線親子行，必去無料景點 (東管處玩互動遊戲+ 富山復魚區餵魚);
阿喬與媽媽的快樂約會|美利達MERIDA FTB-5親子腳踏車 摺疊車,17498,1,4,http://ygwin0826.pixnet.net/blog/post/46142160,雖然離阿喬九月的週歲大典還有一個多月，不過週歲大禮們已經陸續的出現了!!!首先 第一名登陸的是 燈燈燈燈燈燈燈阿公阿嬤的 親子腳踏車～～～ ;是美利達MERIDA的親子腳踏車，因為他們是做成摺疊車款的所以也很方便帶出門玩耍用 ;又可以裝進我們的colt plus後車廂;http://www.merida-bikes.com/zh_tw/bike/2011/90/%E5%8F%B0%E7%81%A3%E8%BB%8A%E7%B3%BB/FTB-5+%E7%8F%A0%E7%99%BD是選珠白色的，這樣喬八要帶阿喬去兜風也不會太娘（就是不承認媽媽自己不愛粉紅色）;原本是在大賣場看的親子腳踏車，也是作摺疊車款雜牌的，要3290試騎了一下，騎一圈多時就會踏空一圈..似乎是有點恐怖，感覺騎上路就會烙鏈..;回來查一下，想說大牌子的腳踏車似乎是五千多一點這樣差一千多...換品質畢竟雜牌不好騎的話，也不能退只能搞的不上不下;所以勤勞的阿公阿嬤 先去家裡的腳踏車老牌 捷安特專賣店 逛逛結果捷安特說因為政府規定，所以他們不出親子腳踏車挖，好吧 作罷;接著就想;不然用原來就有的捷安特摺疊車再加上去腳踏車材料行買的 兒童座椅 加裝上去應該就ok了;不料，裝完後，因為捷安特小折有點小裝上後，轉彎時會夾到手只好放棄後來再認真google一下，原來用捷安特做親子腳踏車的他們都是用大輪子(不是用小折裝的)這樣才不會卡卡;後來，發現美利達MERIDA竟然就有出親子腳踏車 還是摺疊車款的剛剛好呢!阿公阿嬤去逛囉～buy了一台 珠白色的回來話說..這個物價漲的真的是有恐佈到之前網路上查的大家說好像是5190結果我們現在去看已經是5300了!!!不過打完折之後，入手5035;晚上當然要立刻試騎看看囉！阿喬開心的呢～吹著涼涼的風，晃呀晃的在爸媽的懷抱下享受速度的快感又不像嬰兒車，自己一個人在低低的地方也可以跟爸媽一樣看著高高的唷阿喬可樂的呢連停下來聊個天就唉唉叫 還要再兜風; ;看來 困擾我許久的問題終於解決囉!!!現在可以天天騎著腳踏車載著阿喬;去買菜! 去都會公園兜風!;把鼻下班後的運動!!;完美!!!!謝謝阿公阿嬤～～～～～～;明天傍晚立馬來去都會公園兜風囉~~~;;;後記---------阿喬這幾次去都會公園騎車兜風超開心，有一次輪到阿嬤載她的時候風吹壓吹～越吹越舒服然後阿喬就...嘟孤了....還不小心點頭點到前面的紅色把手幸好有軟綿綿的～～&lsquo;不過就知道坐車車吹風有多舒服啦～～～～～;;美利達MERIDA親子腳踏車規格如下（擷取自美利達MERIDA官方網站FTB-5）;規格速別6S車架尺寸20*11.5""車架高碳鋼摺疊顏色珠白前叉一般變速控制桿SHIMANO RS35 6S前/後夾器前側拉/後蘭鈴式齒盤曲柄SS-6626 48T 附鏈蓋鏈條TB-50車圈鋁合金飛輪SHIMANO TZ20 14-28T輻條不銹鋼輻條外胎20*1.75手把兩段式摺疊手把車頭碗CC800K座管28.6D/25.4D CP腳踏SP-303/T-1C右邊摺疊參考重量17.34kg建議售價5300;
可安~親子腳踏車,4543,18,18,http://ada092815.pixnet.net/blog/post/146070880,2011~9~18最近狠下心一口氣添購了3台腳踏車原本是想等到媽咪領年終獎金再來買的~畢竟這筆錢算是多的但是眼看秋天就快來了~是騎腳踏車的好時間而且我們住的實在是離河濱步道太近了~於是可安爸說那就先買好了原本只是想去大賣場買一台約2000~3000元左右的腳踏車就好了但是試騎過後~可安爸覺得既然要買~就不要買太難騎的最後決定了買價位還算實在~而且又還不錯騎的美利達MERIDA自行車這3台就是我們的戰利品~都是折疊車也都是白色的;這台是親子車~型號(FTB-5)(價格$5300>主要都是可安爸載可安~因為媽咪腳太短了~我們將前面的小座位換成了這種兒童座椅可安還太小了~那種三角形的座位坐了不舒服~而且可安腳也不夠長;這台是媽咪的~型號(;FB-231; )(價格$6700)這台也是價格最高的~是店員建議我騎這台的~但是後來我覺得其實和姊姊買一樣的就可以了;;這台是姊姊的~~型號(;FB-217; )(價格$4500)這台也是最便宜的~車子也比較小台~對姊姊來說比較適合其實後來我都覺得我也買這台就可以了~不用買那台$6700的;這就是我們騎車的地方~河的沿岸都是自行車步道~非常的開闊~在這騎車心情都會很好耶;除了騎車以外~我們都會帶一些點心去吃下午茶啦~這樣才有樂趣麻;看看這個愛吃的可安~吃的多麼開心~全部的人就她吃的最多;可安真的很喜歡騎腳踏車~休息時間除了吃點心~也自己玩的很開心; 這次買這3台原價是$16500~加上兒童座椅$800~加上前後燈3組共$1500原本總金額是$18800~後來因為一次買3台和店員議價最後以$16500成交~等於兒童座椅和3組前後燈都是用送的終於買下了早就想買的腳踏車了~雖然花了一比不算少的錢但是看到姊姊和可安這麼開心~只好安慰自己還滿值得的囉~~延伸閱讀~~ ;可安~第一個汽車安全座椅【Aprica EuroHarness 579】http://tw.myblog.yahoo.com/ada-adguel/article?mid=2462可安~9/15滿2歲囉【2年來的轉變】http://tw.myblog.yahoo.com/ada-adguel/article?mid=2325&next=2305&l=f&fid=35 可安~過2歲生日 http://tw.myblog.yahoo.com/ada-adguel/article?mid=2305&prev=2325&next=2280 可安~驚奇立體書http://tw.myblog.yahoo.com/ada-adguel/article?mid=2280&prev=-1&next=2244可安~兩小無猜;http://tw.myblog.yahoo.com/ada-adguel/article?mid=2150&prev=2158&next=2109可安~1歲10個月會自己穿鞋囉 http://tw.myblog.yahoo.com/ada-adguel/article?mid=1870&prev=1922&next=1854 .msgcontent .wsharing UL LI {TEXT-INDENT:0px;}.ysm {BORDER-BOTTOM:#97abbc 1px solid;POSITION:relative;BORDER-LEFT:#97abbc 1px solid;PADDING-BOTTOM:1px;LINE-HEIGHT:1.4;MARGIN:5px;MIN-HEIGHT:10px;PADDING-LEFT:5px;PADDING-RIGHT:5px;FONT-SIZE:13px;OVERFLOW:hidden;WORD-BREAK:break-all;BORDER-TOP:#97abbc 1px solid;BORDER-RIGHT:#97abbc 1px solid;PADDING-TOP:1px;}.ysm * {CURSOR:pointer;}.ysm .ysmlabel {POSITION:absolute;TOP:2px;RIGHT:5px;}.ysm .ysmlabel A {FONT-SIZE:12px;TEXT-DECORATION:none;}.ysm DL {TEXT-ALIGN:left;PADDING-BOTTOM:6px;MARGIN:0px;PADDING-LEFT:0px;PADDING-RIGHT:0px;ZOOM:1;PADDING-TOP:0px;}.ysm DL.last {PADDING-BOTTOM:0px;}.ysm DL ADDRESS {FONT:12px/1 Arial;MARGIN-LEFT:5px;}.ysm DT ADDRESS {DISPLAY:inline;}.ysm DD {MARGIN:0px;FONT-SIZE:12px;}.ysm DD ADDRESS {DISPLAY:none;}.ysm-vertical {}.ysm-vertical .ysmlabel {TEXT-ALIGN:center;MARGIN:0px auto;DISPLAY:block;}.ysm-vertical DT ADDRESS {DISPLAY:none;}.ysm-vertical DD ADDRESS {DISPLAY:inline;};    .msgcontent .wsharing ul li { text-indent: 0; }      分享          Facebook      Plurk      YAHOO!                      分享在我的 Facebook      分享在我的 Plurk      分享在我的即時通        
[桌遊] 德國 HABA 親子&兒童不插電桌上遊戲精選,28383,6,85,http://rubeelittle.pixnet.net/blog/post/192522807, ;是從 Rubee 三歲之後，我們才開始踏入了桌遊的世界。不但 Rubee 很愛玩，我也一樣享受跟她玩的過程。桌遊真的是非常好的親子活動。很多桌遊其實不分年齡，所以全家人都可以一起同樂。Rubee 常常愛帶著桌遊去外婆家跟阿公阿嬤一起玩~桌遊除了很有樂趣外，潛移默化下也有許多教育功能。多元的桌遊主題，玩家需要主動思考還有豐富的想像力，來進入遊戲不同的情境及場景。桌遊常常考驗著玩家的邏輯、認知、思考、應變及決策能力。甚至有些遊戲是需要透過團隊合作才能獲得勝利，所以溝通和協調能力也是很重要的。撇除這些好處，最重要的還是玩家可以從遊戲中透過互動獲得的成就感和樂趣!不論孩子在哪一個成長的階段，都非常需要跟父母有互動的機會，但往往有時候做父母的我們，不知道跟他們玩什麼?這時候，桌遊就真的就是很好的互動媒介。透過遊戲，父母可以更了解孩子，建立更多共同話題及回憶。實際跟孩子一起體驗看看，自然就能夠發現桌上遊戲所帶來的好處。 ;提到桌遊，大家一定不會漏掉德國。德國人非常瘋桌遊，很多人都是從學齡前就開始玩，一路玩到大。HABA 更是在德國歷史悠久的桌遊品牌。高品質及有創意的遊戲設計，是眾所皆知的。所有桌遊都是 Made in Germany。 ;不過，HABA 的桌遊品項多到會不知從何選起。這次特別嚴選了幾款評價都很不錯，甚至是得獎作品，分享給大家。;1. HABA 4170 Orchard《烏鴉大果園》Obstgarten適合年齡: 3+遊戲人數: 2-8 人遊戲時間: 約 10-15分鐘得獎 ★;2002 Japan Boardgame Prize Best Childgame Nominee[桌遊內容物]1 個四塊拼圖的遊戲板10 個蘋果10 個梨子10 對櫻桃10 個李子1 份烏鴉拼圖 (9塊)1 個骰子1 份英文遊戲說明書遊戲外盒大小約 27 x 37cm;[桌遊類型]顏色、形狀認知、合作、數量[遊戲簡介]四顆果樹上長滿了果子，蘋果、李子、梨子、櫻桃，都已經成熟了。農夫們必須盡快把她們摘下來，要不然烏鴉就要把所有的果實都吃掉了。趁烏鴉把所有的果實都偷走之前，所有的玩家要ㄧ起努力將所有院子裡的果時摘完。 ; ; ;;2. HABA 7146 Kayanak《冰上釣魚》適合年齡: 4+遊戲人數: 2-4 人遊戲時間: 約 10-15分鐘得獎 ★;1999 Deutscher Spiele Preis Best Children's Game Winner得獎 ★;1999 Spiel des Jahres "Children's Game" Winner[桌遊內容物]1 面冰層4 隻北極熊1 根魔法釣竿15 隻大魚75 隻小魚 (鋼珠)4 個木質魚桶1 個白色行動骰子1 個藍綠色溫度骰子8 塊水晶冰5 塊不得通過卡片5 張白色 A4 紙1 份英文遊戲說明書遊戲外盒大小約 27 x 37cm;[桌遊類型]專注力、手眼協調、數字、計算[遊戲簡介]在冰天雪地的北極地區，北極熊準備開始他們最喜歡的工作。當然，他們每個人都想釣出大魚，但他們發現並不容易。北極熊必須具備對浮水的遠見，砸出正確的冰塊，靈活的釣魚，再加上一點運氣，才能從水裡釣出想要得魚。第一個抓到10條魚的北極熊，贏得勝利。 ;;3. HABA 4933 Orinoco Gold《掏寶記》Gold am Orinoko適合年齡: 7+遊戲人數: 2-4 人遊戲時間: 約 15-20分鐘得獎 ★;2013 Spiel des Jahres Kinderspiel des Jahres Nominee[桌遊內容物]1 張遊戲板8 位冒險家4 輛越野車18 個金幣5 個樹幹1 個白色冒險家的骰子1 個棕色樹幹的骰子1 份英文遊戲說明書遊戲外盒大小約 27 x 37cm;[桌遊類型]策略性思考、觀察力、記憶力[遊戲簡介]奧里諾科河附近出現了掏金熱!在這條神祕的河岸邊，探險家們在叢林深處的腹地發現了一個古老的文明遺址，帶領你手下勇敢的冒險隊伍出征傳說中的山丘-瓜爾達。黃金寶藏深藏在洶湧河流的彼岸。想要穿越它只能依靠樹幹間的跳躍前行，但是樹幹漂浮在危險的急流中。勇敢和運氣，再加上敏銳的戰術，你能帶領你的冒險家到達彼岸。但要小心，移動或跨越樹幹之前，確保樹幹不會漂走，並保持警惕隨時留意對手在做什麼?哪個完家最勇敢的，並帶領自己的冒險家成功的到達河對岸，就可已收集到最多的金幣，成為最後的贏家。 ; ;;4. HABA 7124 Fire Dragon《火龍傳奇》Feuerdrachen適合年齡: 5+遊戲人數: 2-4 人遊戲時間: 約 15-20分鐘得獎 ★;2014 Kinderspiel des Jahres Recommended得獎 ★;2014 Deutscher Spiele Preis Best Children's Game Winner[桌遊內容物]1 張遊戲板1 個火山8 只騎士4 個袋子2 個骰子80 顆紅寶石12 顆碳石1 本英文遊戲說明書遊戲外盒尺寸 34 x 34cm;[桌遊類型]專注力、邏輯思維[遊戲簡介]火龍谷開始冒泡了。在一千年後，強大的 Rubino 又要噴發了!龍騎士很難再等，因為古老的傳說流傳著紅寶石即將從 Rubino 噴發而出，得到紅寶石的火龍天下無敵。快來成為龍騎士，用你的戰術技能和好運，盡量在火山週圍收集到珍貴的紅寶石。袋子裡收集到最多紅寶石的玩家贏得勝利。 ; ;;5. HABA 7123 Brandon the Brave《騎士拼圖》Richard Ridderslag適合年齡: 5+遊戲人數: 2-4 人遊戲時間: 約 10分鐘得獎 ★;2014 Kinderspiel des Jahres Nominee[桌遊內容物]36 張三角形草地卡1 個騎士18 張任務卡1 本英文遊戲說明書遊戲外盒尺寸 24 x 16cm;[桌遊類型]專注力、邏輯思維[遊戲簡介]你是騎士"迷糊的康拉德"的隨從，這位騎士大人正在發瘋似的在王國大陸四處尋找他的駿馬，最大願望就是希望成為騎士!ㄧ個堅強、勇敢和光榮的騎士就像"勇者布蘭登"ㄧ樣。要想成為騎士，你要完成國王的任務，證明你的直覺。你會預到巨人、龍、巫婆和其他危險!你必須正確組合地行卡，找到正確的地點和任務。第一位成功挑戰所有任務的玩家將獲得勝利，並能與勇者布蘭登一起遨遊四海! ;;6. HABA 4232 The Black Pirate《海盜大風吹》Der schwarze Pirat適合年齡: 5+ 歲遊戲人數: 2-4 人遊戲時間: 約 15分鐘得獎 ★;2006 Spiel des Jahres Kinderspiel Nominee得獎 ★;2006 Spiel des Jahres Kinderspiel Winner得獎 ★;2007 Golden Geek Best Children's Board Game Nominee得獎 ★;2007 Japan Boardgame Prize Best Childgame Nominee得獎 ★;2008 Boardgames Australia Awards Best Children's Game Nominee;;;[桌遊內容物]1 張遊戲圖1 套吹風器1 艘海盜船4 只小船36 個金幣1 個白色骰子1 個原色骰子4 面小旗子1 本英文遊戲說明書遊戲鐵盒尺寸 34 x 34cm;[桌遊類型]神經運動能力、邏輯戰術、思考能力;[遊戲簡介]勇桿優秀的船員們正航行在大海上，他們要把財寶運到另一個島嶼上，可是邪惡海盜船緊跟在後，想要把財寶搶走。你能幫助船員們逃脫黑海盜的追趕。;; ;;7. HABA 4319;Dragon Diego Dart《恐龍彈珠》Diego Drachenzahn適合年齡: 5+ 歲遊戲人數: 2-4 人遊戲時間: 約 15分鐘★;2010 Japan Boardgame Prize U-more Award Nominee★;2010 Spiel der Spiele Hit f&uuml;r Kinder Recommended★;2010 Spiel des Jahres Kinderspiel Nominee★;2010 Spiel des Jahres Kinderspiel Winner[桌遊內容物]4 隻龍3 顆火球24 張卡: 分四種顏色24 張目標卡1 個恐龍彈珠競賽場遊戲外盒尺寸 27 x 37cm;[桌遊類型]手眼協調、小肌肉、觀察力、專注力;;[遊戲簡介]恐龍 Diego 真是喜歡搗亂啊!他嘴巴裡已經噴出好幾團火焰啦~天哪! 牠嘴裡噴出的火苗離噴火靶太遠，以致叔叔的帽子燒著了。同時，Diego 的對手們也沒有得到較好的分數，也經常錯失了幾次射靶的機會，誰將會是這個恐龍噴火大賽的冠軍呢?;8. HABA 4411 Zippy Cars Game《停車擠擠擠》Flinke Flitzer適合年齡: 4-8 歲遊戲人數: 2-4 人遊戲時間: 約 10分鐘[桌遊。HABA] 4411 Flinke Flitzer 停車擠擠擠 愛車一族必玩!;;;[桌遊內容物]24 台小車 (共六種顏色、每種四台)1 塊遊戲板4 個停車場紙板1 顆彩色骰子1 份英文遊戲說明書遊戲外盒大小約 23 x 12cm;[桌遊類型]顏色認知、反應力、邏輯思維; ; ;;[遊戲簡介]街道上的十字路口非常的堵塞。車子全部擠成一團。趕緊來化解交通堵塞的情形吧!順利幫小車們找到理想的停車位~玩家最先把 6台不同顏色的車子，停在自己的停車場內，就獲勝囉!;; ;;9. HABA 4416 Monza 《小小賽車手》適合年齡: 5+ 歲遊戲人數: 2-6 人遊戲時間: 約 10-15分鐘得獎 ★;2009 Japan Boardgame Prize U-more Award Nominee[桌遊。HABA] 4416 Monza 《小小賽車手》; ;[桌遊內容物]6 台木製賽車6 個有顏色的木製骰子1 個遊戲板1 本英文遊戲說明書遊戲盒外盒尺寸 22 x 22cm;[桌遊類型]觀察力、邏輯思維、策略、顏色認知、排列組合 ;[遊戲簡介]六台賽車停在賽車跑道上準備出發進行激烈的一場比賽，但是只有能扔出正確顏色的骰子及組合的玩家，才能超越其他賽車手，贏得最後的勝利!;; ;;10. HABA 4461 Knuckling Knights 《盔甲騎士》Rumpel-Ritter適合年齡: 5+遊戲人數: 2-6 人遊戲時間: 約 10-15分鐘[桌遊內容物]32 個騎士 (4種顏色)1 塊遊戲板 (包括城堡跟暗門)8 枚錢幣1 個骰子1 本英文遊戲說明書遊戲外盒尺寸 22 x 22cm;[桌遊類型]想像力、策略、手臂控制能力;; ;[遊戲簡介]全國的人都正在討論國王 Benjamin城堡正在舉辦的騎士錦標賽!最勇敢的騎士都參加了!今天參賽者的任務是找藏在城堡各個角落裡的暗門。只有通過這些暗門，騎士們才能沖出城堡，到達城堡前的院子裡。騎士們互相推擠，情況非常危險，大家都想第一個沖出城堡。擁有最多騎士抵達城堡前的院子的玩家將獲得勝利!;;;11. HABA 4478 Animal Upon Animal 《動物疊疊樂》Tier auf Tier適合年齡: 4+ 歲遊戲人數: 2-4 人遊戲時間: 約 15分鐘[桌遊。HABA] 4478 Animal Upon Animal 動物疊疊樂金字塔; ;[桌遊內容物]29 個木製動物積木(綿羊、刺蝟、巨嘴鳥、蟒蛇、企鵝、蜥蜴、猴子、鱷魚各 4個)1 個骰子1 本英文遊戲說明書遊戲外盒尺寸 22 x 22cm;[桌遊類型]手眼協調、小肌肉練習、策略判斷力、專注力。 ; ;[遊戲簡介]動物們各自組了隊伍，準備要來個疊羅漢大賽。一隻疊一隻，疊成了金字塔。不過一不小心可是會前功盡棄的跌下來的。動物們都努力試著想要穩穩的爬上最頂端，但到底哪一組隊伍可以最快速又穩當的得到最後的勝利呢? ; ; ;;12. HABA 4981 Monster Bake 《怪獸烘培》Monster Torte適合年紀: 5+遊戲人數: 2-4人遊戲時間: 約10-15 分鐘★;2012/Fall Parents' Choice Recommended★;2012;Spiel der Spiele Hit f&uuml;r Kinder Recommended[桌遊。HABA] 4981 Monster Bake 怪獸烘培 手眼協調遊戲;; ;[桌遊內容物]1 個烘烤盤 (外盒)4 個烹調勺子4 個木碗30 個木頭糖球 (6種顏色)20 張糕點圖卡4 個防滑貼1 本英文遊戲說明書遊戲外盒大小約 34 x 34cm;[桌遊種類]專注力、手眼協調、思維反應、顏色認知 ; ;[遊戲簡介]一群怪獸在廚房裡烘培，東西亂七八糟的，還有很多食材需要處理、測量，怪獸一個噴嚏把裝滿彩色糖球的碗給打翻了!大家一起來幫忙怪獸烘培師將糕點好好的裝飾好吧! ; ;;;;; ; ; ;;13. HABA 4465 Lucky Sock Dip 《幸運襪》 Socken Zocken適合年紀: 4+遊戲人數: 2-6人遊戲時間: 約 10分鐘[桌遊內容物]1 隻襪子怪獸48 隻襪子 (24雙)13 個衣夾1 本英文遊戲說明書遊戲盒外盒尺寸 22 x 22cm;[桌遊類型]觀察力、反應力、敏捷力、顏色認知、記憶力 ;;; ;;;[遊戲簡介]衣櫥裡有一個襪子怪獸將所有的襪子都搞亂了~誰能仔細將襪子最快配對成功的就是贏家! ; ;;14. HABA 4538 ;3&times;4=Klatsch 《乘法蒼蠅拍》3 Times 4 = Swat!適合年紀: 8+遊戲人數: 2-6人遊戲時間: 約 10-20分鐘[桌遊內容物]6 個蒼蠅拍42 張蒼蠅卡5 張花朵卡5 朵花45 個木頭蒼蠅2 個十面骰子1 本英文遊戲說明書遊戲外盒尺寸 34 x 34cm;[桌遊類型]快速反應力、計算力、心算、觀察力 ; ;[遊戲簡介]覺得九九乘法表無聊嗎? 一點也不會!透過拍蒼蠅的遊戲，每個人都可以成為九九乘法專家。嗡嗡飛的蒼蠅們到處飛，要睜大眼睛仔細看，哪隻蒼蠅身上的數字是正確答案呢?找到趕快用力拍下去!!跟朋友們一起來場刺激的拍蒼蠅比賽吧!;;;;;15. HABA 4547 Clever Bear Learns to Count 《小熊學數數》Schlaubar learnt zahlen適合年紀: 4+遊戲人數: 2-4人遊戲時間: 約 10-15分鐘;;[桌遊內容物]1 串小熊計數串珠1 個數字骰子1 個手勢骰子1 個點點骰子40 張卡片1 本英文遊戲說明書遊戲外盒尺寸 22 x 22cm;[桌遊類型]記憶力、觀察力、數學計算、語言表達 ; ;[遊戲簡介]1、2、3、4、5 讓我們跟著小熊一起來數數吧!藉由小熊串珠、數字圖卡和骰子，數數、認數字變的好簡單、好有趣~輕鬆理解數與量的關係。同時還可以進行多種互動數字相關遊戲。;; ; ;;16. HABA 2576 Stack 《疊疊樂》Stapelei適合年紀: 4+遊戲人數: 1-4人 ; ;[桌遊內容物]1 隻驢子40 根小木棍 (4個顏色)1 個方形小積木1 本英文遊戲說明書遊戲鐵盒尺寸 10 x 6cm;[桌遊類型]顏色認知、數字、思考、平衡、手眼協調; ; ; ;;;;;[遊戲簡介]看看誰的手最穩可以先把手上所有的木棍都放在小驢子的背上呢?★未經許可，請勿任意轉載、截取文章或照片作為商業用途★;[延伸閱讀][桌遊。HABA] 4478 Animal Upon Animal 動物疊疊樂金字塔;[桌遊。HABA] 4981 Monster Bake 怪獸烘培 手眼協調遊戲;[桌遊。HABA] 4411 Flinke Flitzer 停車擠擠擠 愛車一族必玩!;Rubee;❤;Facebook; ;;; ;;
親子餐廳：台南市網路人氣推薦4家,121172,6,7,http://pchomekids.pixnet.net/blog/post/35950599,【小編的話】如果你對親子餐廳的定義是要有溜滑梯、球池、大型戶外庭院，那很抱歉，在台南市找不到這種類型的親子餐廳。因為在有「生活之都」美譽的台南市區裡，親子餐廳幾乎都走溫馨路線，空間舒適、風格清新，餐點可口。簡單來說，請你準備好一點時間，還有放鬆的心情，沈浸在餐廳業者精心打造的精緻環境裡，小孩可以畫畫、玩玩具或是讀童書，大人可以喝杯咖啡、聊聊天，享受一下平靜恬淡的生活。 「Little Bear」;;;;特色：以白色為基調的Little Bear，在網路上以早午餐和下午茶頗負盛名，同時兼賣童裝與雜貨。一樓只有兩張桌椅和餐檯，二樓則是鄉村風的用餐空間，由於在新式大樓的轉角，採光明亮，在家上周圍有可愛雜貨的點綴，讓人身處在其中， 自然就有淡淡的幸福感。另外，這裡也有最近很夯的蜜糖土司，去過的網友說口味不輸台北的，但是價錢卻只要台北一半啊，台南真是好地方！ 地址：台南市東區崇仁街56號 官方網址：無 爸媽經驗分享： http://blog.roodo.com/zozoyoyo2/archives/15625525.html http://blog.yam.com/ichih/article/36496174 ;;故事咖啡 ;;;;;;特色：店門口的擺放了超可愛的蘑菇桌椅，不少人因此被吸引入內。進門後發現，牆上的畫作有森林、半立體蘑菇、垂釣的盪鞦韆、隨處可見的小精靈，空間宛如童話故事屋。爸媽如果帶著小朋友前來，這裡的環境一定會讓孩子喜歡，同時店家還會替孩子準備童書，讓爸媽可以偷閒喝杯咖啡。就如店主人所說「人的一生其實都在追求兒時童話故事裡的夢！在咖啡杯裡種下了夢想，夢想在哪裡，幸福就在哪裡。人生本來就是一本充滿夢想的故事書！」 地址：台南市海安路三段580號（花園夜市附近） 官方網站：http://tw.myblog.yahoo.com/story-cafe/ 爸媽經驗分享： http://fun.kimy.com.tw/Apps/Home/funDetail.aspx?PostID=11230&amp;mid=208257 http://blog.roodo.com/gigi20060206/archives/12867795.html ;; 麥多古堡童話音樂複合式餐廳 ;; 特色：麥多原名為『麥多-小義大利』，主要以義大利料理為主後來因故改名為『麥多古堡童話音樂複合式餐廳』，因此整間店大走『異國風與卡哇依風』的結合。這裡也是「布偶熊主題餐廳」，擺放了各式各樣的熊玩偶，而且裡面還有一隻超大的熊，許多客人都要排隊搶著跟牠拍照。 地址：台南市安平區安平路672號 官方網址： 爸媽經驗分享： http://michelleoboe.pixnet.net/blog/post/24881897 http://marukoharuko.pixnet.net/blog/post/12801733 ;;;【Robi in House】 ;;;; ;;特色：除非你的小孩怕兔子，否則進到餐廳裡，滿屋子可愛的法國兔，不但陪著你用餐，還可以任意抱在懷中。（放心！老闆說兔寶寶們都有定期洗香香啦！）這間餐廳不算小，針對不同客層設計了合宜的座位區塊，像是沙發四人桌、一家團聚大圓桌、居家風沙發區到典雅簡潔區，應有盡有。餐點是走創意料理，但是從兒童餐、輕食、火鍋、義大利料理應有盡有，適合全家大小聚餐，或是三五好友帶著小孩一起聚會。 地址：台南市安平區文平路506號 官方網址： http://www.robi.com.tw/idea/map.htm 爸媽經驗分享： http://wearehappyfamily.pixnet.net/blog/post/34451119 http://ellen0918.pixnet.net/blog/post/18776642
【新北中和。親子餐廳】五種不同主題包廂 ♥︎ 餐點多樣化 ♥︎ 小朋友派對首選 ♥︎ 『班尼弟親子食遊館』,6985,0,43,http://josie0916.pixnet.net/blog/post/301623266, ;最近這幾年親子餐廳、親子館大行其道一間間開，每間都各有其特色，也都好有趣當然啦～這也大大地造福了我們這些要照顧小孩的麻迷們讓我們有個地方可以喘口氣、溜小孩，稍微輕鬆一下…;這天，又帶著小Abbie到新開幕的親子餐廳玩耍啦！;天氣那麼熱，當然要跑親子餐廳啊！不然要幹麻～ XDD『班尼弟親子食遊館』於2015/8/1正式開幕位在中和威力廣場旁的大樓裡捷運沒有直接到達，需轉乘公車２６２對於平常沒習慣搭公車的我們…感覺交通不是那麼方便Josie帶著小Abbie索性直接搭計程車過來了;它的所在位置不是那麼顯眼，要稍微找一下 ;;裡頭的格局呈長條狀，遊戲和用餐空間再向二側延伸 ;;跟一般坊間親子餐廳不同、也是這裡最大的特色是：有五間不同主題的包廂，而包廂內各有專屬的親子廁所呢！（老闆好大手筆吶…）甜蜜派對－童話故事裡的糖果屋搬到現實生活中囉！糖果屋裡不僅擺了娃娃，還有個小溜滑梯哦～家家酒的角色扮演，最能滿足較文靜的小女孩兒了;OG Girls 擬真洋娃娃;連包廂內的廁所也有高低洗手檯呢… ;連廁所都好可愛 ; ;業林冒險－以樹屋為概念，樹洞內有個小朋友最愛的溜滑梯喲！攀岩牆能滿足精力充沛的孩子們，訓練小小肌肉的發展; ;海洋之星－顧名思意，這裡有著讓孩子們瘋狂的沙坑和水池好吸引人的沙坑喲！通常只要有沙坑，小孩都黏在裡頭不出來了！！;看到池子邊放了二大排超可愛的鴨鴨、小魚和海龜們，就好想把它們通通推進池子裡，釣一下！（忍住、忍住） ;;;神鬼奇航－以海盜船為造型的小小體能所，供小朋友爬上爬下還有個藏寶箱，裡頭放著角色扮演的服飾呢…不過，小Abbie一看到這間，馬上拉著我的手說要出去直說這些骷魯好可怕…欸…是說麻迷我…忘了生膽給妳是吧?！ ;;搖滾火箭－裡頭是個彈跳氣墊遊樂場 ;這五間包廂是採優先預約制，要有預約的客人們才能夠享用包廂內的遊樂設施換包話說…我們不能玩…我們不能玩…我們不能玩啦！！（哭…）包廂的空間不大，但設備蠻精緻的每間可容納６～８人Josie覺得蠻適合幾個親朋好友幫小朋友慶生，走溫馨路線，應該蠻好玩的！＜包廂價格見文末＞包廂門一關上，就有自己的隱私囉…一種錢櫃唱歌的概念… ;;好啦！既然包廂不能玩，那就來看看能玩的公共區域吧～;小朋友主要玩樂的場所有二個區域一個是糖果屋；嗯，遊樂設施都在裡頭啦！ ;有一邊是給１～４歲小朋友玩的球池、溜滑梯和一些吊掛式益智玩具;另一邊則是給４～１２歲小朋友玩的裡頭有軟球噴射槍、滑步車道、平衡木、和障礙道，讓小朋友爬上爬下，消耗體力 ;叭叭～車子來囉！ ;;吸球機也是讓小朋友興奮的項目之一…它把球一顆顆往上吸至鐵籃裡 ; ;最後一按鈕！嘩啦～所有的球傾洩而下，所有的小朋友都開心大笑起來～呵呵 ;軟球噴射槍 ;糖果屋內的設施比較偏向動態活動，讓小朋友消耗體力、爬上爬下;另外，多功能教室，則比較靜態有塗鴨牆、繪本、布書、吊掛式玩具、大球和充氣屋…等等 ;四歲的小Abbie也開始可以玩簡單加法板了皮蛋一隻！ ; ;;公共區堿的用餐區; ; ; ; ; ;;我們坐下來，服務生一送上小朋友專用的Green Toys環保系列的水杯組小Abbie眼睛都亮了，馬上喝起水來整場下來，大概喝了三壺水有了吧…哈哈哈 ;;;;餐點方面，我點了…日出蔥花牛肉丼飯套餐 $550 （含主餐、湯品、附餐核桃麵包、飲料和甜點）牛肉丼飯，口味偏淡，整體來講；還OK…但吃重口味的人，可能會不太習慣飯量很足，完全不怕吃不飽！有顆生蛋，不愛生食的人，要考慮一下囉… ;飲料點了蘋果牛奶，是以新鮮水果下去打的，好喝！;;套餐的餐後甜點－紫米紅豆粥 ;小Abbie指定要的覓菜小魚粥，麻咪偷嚐了一口，味道不錯～;; ;;;;這天我們在;『班尼弟親子食遊館』玩了四小時規定上，一個時段是二小時，但若餐廳沒客滿，其實也不會趕人，還蠻彈性的呢！;最後，附上菜單供大家參考嘍！ ;; ;---------------------------------------------地址：新北市中和區中山路2段305號1樓（捷運景安站，轉公車２６２）;EL：(02) 2244-2999營業時間：11:00~21:00 （周一公休）消費方式：大人(12歲以上) 低消：＄490兒童( 2 歲以上) 低消：＄350＋清潔費＄100幼兒(1~2歲) 清潔費 ＄200，1歲以下免收※2歲以下贈送專屬幼兒的果汁或粥品※用餐時間: 2小時；時間到了，若末客滿，歡迎留下來繼續玩（包廂客人需移至公共區域），若客滿就需配合館內規定囉！另收10%服務費;＜包廂費用＞;【專屬包廂區】包廂共有5間，採預約優先制基本消費為3000元/間，另收包廂費500元清潔費每位小孩100元每間包廂適合人數6~7人※用餐時間: 2小時，另收餐點費用10%的服務費※預約時段:第一場11：00- 13：00 第二場13：30- 15：30 第三場16：00- 18：00 第四場18：30- 20：30 （每時段間皆會清潔消毒）;大小朋友都要著襪，才能進遊戲區喲！忘了帶也沒關係，現場有販售FB 粉絲團：https://www.facebook.com/benedict.restaurant－－－－－－－－－－－－－－－－－－－－－－;延伸閱讀：【台北內湖區。親子餐廳】原木高質感北歐風格樹屋 ♥︎ 城堡溜滑梯 ♥︎ 精緻美味餐點『Boss Mama』好食享樂 ☓ 孩子的探索樂園【新北中和。親子餐廳】五種不同主題包廂 ♥︎ 餐點多樣化 ♥︎ 小朋友派對首選 ♥︎ 『班尼弟親子食遊館』【台北松山區。親子餐廳】餐點精緻美味 ♥︎ 電動旋轉木馬 ♥︎ 決明子沙坑『卡樂親子蔬食餐廳』。近捷運【台北士林。親子餐廳】小巧溫馨 ♥︎ 宛如童話故事屋 『露西家 LUCY's HOME』【台北圓山。親子餐廳 】快到『Pink Swan Party繽紛樂園』和寶貝來一場夢幻公主下午茶派對吧! ♥︎;​【新北樹林。親子餐廳】環繞式遊戲空間 ● 賽車道 樹屋球池溜滑梯 決明子沙坑『WooHoo遊戲屋』(樹林火車站旁，步行1分鐘)【台北松山區。親子餐廳】高質感木製玩具、溜滑梯 &amp; 大球池 『123FUN親子聚會空間』(近京華城)【台北西門町。親子餐廳】讓小人兒瘋狂沉浸樂高積木世界裡的好去處 @ FUN 樂砌【台北信義區。親子餐廳】 阪急百貨內美味餐點、小朋友為之瘋狂的決明子沙坑@ Chop Chop恰恰食堂【台北】全家一起來逛逛SYNTREND三創生活園區吧! 內有親子餐廳 Cafe ballet (忠孝新生站)【新北汐止。親子餐廳】泰式料理上桌啦 ! 沙坑、巨型積木、水彩畫空間 『Artr積木塗鴨親子餐廳』（７／２９更新）【中壢。親子餐廳】麻辣鴛鴦鍋 吃到飽! 賽車概念餐廳 附遊樂設施 @車車火鍋【台北中山區。親子館】超剌激人體滾大球、氣墊床、球軌和故事屋 @ 幼佑城堡Yoyo's kid castle【台北中正區。親子餐廳】藝人郁方開設的 Greenwood 格林屋。超豪華室內樹屋溜滑梯 (2015/8/11二訪、更新）【台北內湖。親子餐廳】 超吸睛巨型扭蛋機、豪華溜滑梯 ! @ 大晴天親子餐廳【台北信義。親子餐廳】貝兒絲樂園 Bear's world * 帶孩子環遊世界去!!【台北大安區。親子餐廳】 有沙坑、噴泉池的英倫風 大樹站 Mr. Tree station ，大推!;台北南港。RAKU KITCHEN 寒舍樂廚 五星級飯店 buffet 融合親子空間;
【台中 西區 親子餐廳】棒恰恰親子歡樂餐廳,34897,8,73,http://plumtywewe.pixnet.net/blog/post/46914058,才開幕三個多月的棒恰恰在網路上已經是台中有名的親子餐廳了！！！老實說環境新穎、餐點價錢也不至於太昂貴是很多媽媽都願意來消費的主因;這一天應朋友的邀請來幫朋友～朋友的孩子慶生剛好也已經聞名很久了所以整個就是很期待　先來看看餐廳裡的概況有沙發區、也有比較適合人少的圓桌區沙發區的視野很棒但是我個人覺得好像比較適合多人的聚餐;如果大人選擇坐沙發區那們小孩的餐椅就得放置在走道上（下圖左下角）圍繞著餐廳的四周有許多玩具和可愛的東西吸引大朋友、小小孩的的目光連大人都忍不住多看了幾眼這幾台車對於新新而言就是一大吸引一進入餐廳看到它們就一直喊著＂叭叭＂還好我一直忍住沒有讓新新坐要不然有了一回～下次要再拒絕就是一件很困難的事情了！！！這裡有一區很寬敞的才藝教室不過我來了兩次都沒有看到有活動我猜大概是假日才會舉辦吧才藝教室旁有整排超級可愛的小孩桌椅當時好想跑去問服務員～這些都是在那裡買的啊？！真想買一組回家～一般的親子餐廳很少會看到＂兒童梳化區＂居然還附有好幾隻吹風機大概是要讓父母幫玩到汗流浹背的孩童使用的想要立即把汗濕的衣服換下來但是又沒準備備用的衣服嗎？？？別擔心～～餐廳早就想到要賺這種錢了　旁邊的哈哈鏡也很有趣～我想大朋友應該會很喜歡！！餐廳的另外一區是像湯姆熊的小型遊樂場這裡是比較適合大一點的孩子或是無聊的父母可以打發時間的用餐的時間到了～來介紹一下我們點的雙人商業午餐（週一～週五 11:00~14:30）主餐的部分有沙拉、pizza、法士達、烤餅、義大利麵等等但是為了配合新新只能選擇義大利麵另外還可以搭配薯條、沙拉、濃湯三選二飲料的部分可選二杯～除了特殊幾種～例如蘋果汁、柳橙汁、熱可可、、、其他幾乎都是可以免費續杯的！！！另外雖然菜單上有顯示要低消（大人＄３５０／兒童＄１５０／身高１００ＣＭ以下免低消／１４０ＣＭ以上以大人計）但是我問過服務人員像我們這樣點雙人商業午餐的部分可以不用理會低消的問題！！ＰＳ：雙人商業午餐的價格是依選擇主餐不同而有所不同例如主餐選義大利麵～這樣雙人的用餐價格就是＄４９０元主餐選擇沙拉、pizza、法士達、烤餅也分別有不同的價位（＄４９０～＄６９０）【奶油培根蛋黃細扁麵】這樣一盤是兩個大人的份量喔味道很香、份量兩個大人可以吃得飽最上層鋪滿了起司和培根我覺得很好吃～;;目前新新還是需要將麵條剪短才有辦法吃而且新新的食量很大可以吃完下面這一盤還加上很多濃湯、薯條！！！ ;濃湯的部分也很不錯喝即使放到冷也不會有令人難聞的奶油味薯條份量也很多～綜合說起來這一餐算是很不錯吃的！！！新新拿著自己專用的餐具非常認真地探索和玩耍;;;; ;另外要再介紹一下這裡的兒童餐椅 ;;;很新穎、顏色也很鮮豔有黃色小熊和綠色青蛙兩種現場吃飯時間不只大人吃得愉快小寶寶們也都很認真地在品嚐外食的美味～ＸＤ我覺得目前為止我對於這家餐廳的評價挺高的小寶寶使用的東西和餐點都不錯吃餐廳裡雖然有很多小寶寶但是因為餐廳的占地還挺大的所以不至於會感受到其他小客人們的哭聲威脅而且小寶寶們坐在餐椅上吃飯時也不會經常被跑動的大童給撞到吃飽飯後到餐廳角落的小洗手台洗洗手之後就可以讓寶貝們自由活動了！！！會到這裡用餐的父母不外乎就是要讓寶貝們到跳跳屋裡面去消耗一下體力這裡的跳跳屋是需要額外買票進場的一個小朋友只限一位家長免費陪同不過如果小寶寶未滿一歲是可以直接免費入場不需購票的喔！！！ＰＳ：入場不管大人、小孩都需要穿著襪子才能入場不過沒帶襪子也不用太緊張～因為櫃檯就有在販賣～＄４０元／雙購票完畢在跳跳屋門口會有服務員確認有無穿著襪子和陪同大人的人數當然最基本的還會量體溫、貼辨識條（貼在寶寶手上或是衣服上）步驟都完成後就可以進場去逍遙了！！！跳跳屋裡面我自己區分為三區：積木區、旋轉區、溜滑梯區積木區一般比較適合小一點的寶寶或是想要單純堆積木的小朋友積木區有簡單的小區隔讓其他奔跑中的小孩不至於會衝撞到小寶寶或是人家努力堆好的積木新新在裡面玩得很開心而且他偏愛正方形積木裡面有一個圓筒的這一種跟家裡那組小積木一樣這位小姐姐好厲害～利用積木自己做保齡球道;;這是方塊臉新新這是格格新新;玩了一會兒新新被隔壁旋轉區的遊戲給吸引了但是一讓他坐上去～居然出現如此苦情的臉！！！真的是笑死我了！！！新新的膽子真的很小坐在椅座上雙手抱緊緊的根本不敢隨意移動看隔壁的小姊姊站在座椅上上下彈跳新新只是默默的看著完全沒有要學習的意願就這樣我邊拍照邊讓新新自己坐在上面旁邊的小朋友都換了好幾輪了後來讓新新坐在下方的位置新新也完全不敢爬下來;反觀同行的澄澄弟弟一溜煙就自己滑走了～＠＠～這位小妹妹更猛～一直扶著這個會旋轉的座椅一直跟著走後來第二次去有阿姨陪著玩新新終於不再害怕得笑開懷了！！！旋轉區旁邊還有兩樣可以玩的東西但是新新比較小還不太適合另外其實跳跳屋有兩側都是大片玻璃圍繞沒有在餐廳裡用餐也可以單純買票進來裡面玩比較大的孩子父母只要人在外面觀看就行了;;;;;;;;;這一個很大像冰淇淋一樣也會旋轉的大汽球新新也很喜歡但是就是不敢上去玩;來看一下這怎麼旋轉的;;超多大童很喜歡這會旋轉的冰淇淋大汽球另外這個彈跳網新新也不敢上去不過我是覺得太小的小寶寶也不太適合待在這一區因為大童一直瘋狂地跳小寶寶只有被動上下彈來彈去的份遊戲區固定都會有的溜滑梯新新也無法自行玩耍只能靠大人抱他到滑梯的上方然後環著他慢慢溜下來第一次去的時候新新還不會爬樓梯所以即使很想跟大家一起玩但是遇到樓梯的部分就馬上讓他打消念頭反觀澄澄連滑梯都逆著爬上去了真的是超級厲害的！！！過了一周又帶新新去這期間在兒資館上課時有跟老師討論到新新不會爬樓梯的事情後來在家有幫助他從爬沙發開始練習結果沒想到～幾天後再來時新新已經身手矯健地去爬樓梯了！！！;;其實當時看到新新奮力爬著樓梯那一幕好感動喔小寶寶的學習能力和適應力還真的不是普通的強大一眨眼～又長大了！！！滑梯前方是一片大空地不管是地面上或是牆壁上都有很棒的保護措施而且整個遊戲區裡面都很乾淨;除了比較一般的滑梯之外～還有這種比較高階的旋轉滑梯不過我想～等新新會玩應該也要好一陣子以後了吧！！其實這裡面有一半以上的東西新新不太敢玩感覺就像是買票進去六福村只有散散步跟吃吃東西就回家一樣～＠＠～ ;;;;;;;;;新新最厲害的大概就是玩跳跳馬跟爬行吧～ＸＤ;玩累了之後又跑去黏在阿姨的身上結果阿姨只好抱著新新然後眼睛盯著自己的兒子亂亂爬～＠＠～ ;;;;我個人是挺喜歡這裡的遊戲區和餐廳裡的餐點不過唯一不喜歡的地方是金典綠園道的停車費好貴啊！！！一小時＄４０元～而且館內消費滿＄５００元只能抵一小時一般來到這種遊戲區當然是玩越久越好啊不過整體而言我是挺喜歡這裡的應該下次還會再帶新新過來玩!!!;;台中金典綠園道(台中市健行路1049號6F);電話:04-3700-4278;營業時間:週一~週五 11:00~22:00週六~週日 10:30~22:00;棒恰恰親子歡樂餐廳官網;
【台中。親子】Popa動畫親子館老虎城旗艦店||寓教於樂的超寬敞親子樂園，和波帕家族一起享受繽紛趣味的星際派對！,2503,0,26,http://bela1206.pixnet.net/blog/post/111928150-%e3%80%90%e5%8f%b0%e4%b8%ad%e3%80%82%e8%a6%aa%e5%ad%90%e3%80%91popa%e5%8b%95%e7%95%ab%e8%a6%aa%e5%ad%90%e9%a4%a8%e8%80%81%e8%99%8e%e5%9f%8e%e6%97%97%e8%89%a6%e5%ba%97%7c%7c,若想收集孩子們的燦爛笑容與歡笑聲，來這兒就對了。POPA動畫親子館位於台中老虎城B1的星際風旗艦店，兩百多坪的寬敞空間裡有：超大海洋風格球池、溜滑梯、跳跳床、各式令孩子們流連忘返的遊樂設施，以及MIT的動畫人物與互動遊戲。還有可以提供包場舉辦派對的Party屋以及提供輕食點心的POPA cafePOPA cafe的走道盡頭有提供舒適的哺乳室可使用。優質的環境需要大家的配合，適合年齡：7個月大~12歲，全館禁止飲食，入場人數管制維護品質，須著襪子進場，而且要有止滑效果才安全喔相關規定請見上圖入館須知。入場前工作人員會先量額溫以及幫忙清潔雙手，鞋子統一置放在一旁的鞋櫃。先來一張與智慧精靈NUNU的合照想要知道更多關於POPA家族的人物可以先行到官網欣賞動畫喔妞兒最近常哼著片頭曲似乎在暗示著還想去玩呢。動畫欣賞由此去恨魔王的手下-情緒團笑丸、愛哭、氣飽、怕黑對小朋友們各有正面與反面的影響這裡少收集了哪一位呢？妞兒倆超愛這大球池，在池裡像魚兒般開心的悠遊。球池旁還有大孩子們喜歡的互動遊戲，製造瀑布的機關，可以計分的斑馬大口球框最吸引孩子們的大大小小溜滑梯道各式各樣的體能遊戲等著孩子一個一個去探索;;妞兒：衝阿，我是小小賽車手適合小小孩的小型旋轉木馬體能騎馬道，有兩種不同高度的馬兒可供騎乘，此區的地板較滑所以父母要提醒小孩注意自身安全。;妞兒倆搶著當女牛仔一旁的牆上也有可以讓小小孩動手玩樂的設施像進入蟲洞似的到達另一個星際戰場在射擊區裡可以利用軟球來場星際大戰位於親子館外的投幣遊戲區，需要另外投幣，在這也可看到父母們正在收集孩子的歡笑聲。;親子館裡每天會有三場的品格活動時間，內容有大玩偶唱跳教學活動，或是情緒教育繪本說故事，孩子們邊玩邊學，在歡樂的氣氛中培養出好品格。和可愛的DUMA弟弟以及親子館的大姊姊合影留念;;;LET'S PARTYPARTY屋場地租金6千元，可使用4小時，有人數限制，可容納15位成人或小孩，第16人起每人需加價$400/小孩 $100/成人，最高可增加到30人，費用包含進入遊戲區全日不加價，餐點部分可自行叫外燴或加購POPA Cafe餐點(預約Party屋者點POPA cafe的餐飲打8折)若有需要專屬課程(帶動跳活動、看動畫說故事、遊戲團康活動、壽星獨享)可自行致電親子館詢問相關細節提供營養的兒童飛機餐調味較為清淡;玩到肚子咕嚕叫了不用擔心鬆餅、焗烤、義大利麵，通通都有得選 附上菜單供參考，附帶一提，若不想另外購買礦泉水，家長們記得讓孩子自行攜帶水壺補充水分。;附上票價讓大家參考;(from;POPA粉絲專頁)，目前老虎城旗艦店的購票優惠如下，一、自2015.08.11起，試營運期間購買單張票就享有85折優惠二、至09/30期間，只要持愛貝客APP入場購票，可享一大一小350元(原價399元)進場優惠價※相關資訊※Popa動畫親子館-台中老虎城旗艦店地址：台中市西屯區河南路3段120號B1電話：04-22515146營業時間：11:00~22:00 周五、六11:00~23:00POPA動畫親子館官網http://www.popa.com.twFB粉絲頁https://www.facebook.com/popaplayworld請推文+按讚給熊夫人更多動力分享妞兒們的歡樂生活歡迎加入雙胞胎妞兒與熊夫人的FB;
♥新北板橋親子遊♥▋POPA主題樂園 -板橋麗寶百貨B1▋ 小孩玩到瘋狂大人可以趁機放空的好地方 兒童動畫樂園,15005,11,35,http://dannisamy.pixnet.net/blog/post/32781920-%e2%99%a5%e6%96%b0%e5%8c%97%e6%9d%bf%e6%a9%8b%e8%a6%aa%e5%ad%90%e9%81%8a%e2%99%a5%e2%96%8bpopa%e4%b8%bb%e9%a1%8c%e6%a8%82%e5%9c%92--%e6%9d%bf%e6%a9%8b%e9%ba%97%e5%af%b6,這天Amy和大腸弟到了新開幕沒多久的POPA主題樂園來玩耍，它可是全國唯一將動畫+故事+分享+手作結合的品格與情緒教育活動的主題樂園。本來也想帶魯蛋妹一起的，可惜她星期六都要上課，所以沒辦法~只好等下次啦！POPA主題樂園位於新北板橋麗寶百貨的B1，交通非常方便，離板橋捷運1號出口走路沒幾步就到了，這天在門口還剛好遇到一匹馬耶，一定要來一張的啊！只要看到麗寶百貨秀泰影城的門口走進去延著手扶梯到B1就是囉！因為2014年7月7號才試營運，8月1日正式開幕，所以可能還有些人不知道，但是對於家中有小朋友的爸媽來說，佔地約300坪的POPA主題樂園算是平假日小朋友遊玩的好地方，POPA主題樂園其實是國內知名的&ldquo;POPA Family電視卡通&rdquo;為主題的動畫親子樂園，所以當天一到POPA主題樂園就看到POPA Family當中的角色玩偶，POPA主題樂園裡面主要分為「體能動畫館」與「親子遊戲館」兩大館別，其中的「體能動畫館」是要購買門票進入的，主要是適合12歲以下的孩子入場遊玩。人場前也會進行雙手消毒的動作不過提醒大家要記得穿襪子喔！因為進入「體能動畫館」是需要穿著襪子的喔！如果忘了帶也沒関係，直接在現場買一雙是$30，進入「體能動畫館」這邊有鞋櫃和置物櫃的收納空間，當然也有貼心的尿布台 ，比較妙的是還有整理儀容的梳妝台和吹風機。基本上「體能動畫館」的遊戲區是有稍微分類的，一進去右手邊的遊戲區適合比較小的朋友，有球池、扮家家酒、超級市場~~等連Amy都忍不住假裝要來去買菜了說~左手邊則是適合大朋友，有比較大型的溜滑梯、籃球櫃、跑馬道、氣槍射擊。不過不單單只有遊玩的設施，其中還有規畫一區是會定期舉辦一些互動遊戲，像是POPA主題曲帶動唱讓大家熱身一下，還有腦波念力遊戲POPA「波帕家族」品格教育動畫，這天是想飛篇喔！利用一些趣味性的影片讓小朋友學習到良好的品格，中間還會穿插一些問與答讓小朋友參與互動，會送像是小汽球或是貼紙這類的小禮物喔！這天還有神祕嘉賓好友「賽爾號」的雷伊和蓋亞來助陣，小朋友現場挑戰猜拳只要贏了還有獨家的鉛筆可以帶回家喔！忽然覺得大腸弟這時候還蠻認真的，也會舉手回答問題喔！而且是人人有獎，所以小朋友不會哭著回家滴！！最後很多大小朋友最愛的就是模擬足球場這個遊戲，大家都搶著玩，不過大腸弟則是比較熱衷於一旁的遊樂設施，像是籃球場氣槍（大腸弟還會一次裝很多球來玩射擊）跑馬場，這個很有趣，是要屁股上下擺動讓動物移動，其實還蠻花力氣的喔！大弟幾乎每樣都玩到了這樣才有玩夠本的感覺，然後Amy當天根本是放空和其他朋友一起聊天~POPA主題樂園平日進園是不限時間，但是假日就有限制是3小時。不過因為現場有做人數的控管，還有工作人員在一旁協助，所以玩起來不會覺得擁擠。另外的「親子遊戲館」則是代幣來玩遊戲機，也有些是直接投10元即可，這邊的代幣一枚是5元，大部份的設施大概是投3~4枚左右，像是保齡球、投藍機、彈珠台、遊戲車等。大腸弟玩得很開心喔！累積玩遊戲贏得的票券可以去換小禮物，不過要30張才能換最小獎的橡皮擦喔！感謝Michelle多給了大腸弟幾張券湊到了40張，所以換了2隻鉛筆。玩累了一旁也有輕食區可以點餐休息，這邊也有預約體驗DIY兒童手作拼豆課程，$250附材料費，不過因為當天有點事，所以是讓大腸弟帶回去做，完成度也相當地高喔！如果放假不曉得帶小朋友去那裏玩，大家可以帶小朋友來這玩，根本是小朋友的玩樂天堂，加入會員或是買套票會比較划算些，如果家住附近的應該會蠻划算的，附上價目表給大家參考一下囉！;;;;;;;;;;;;;;;;;;;;;;;;;;;;;;;;;;;;;;;;;;;;;;【遊玩資訊】POPA主題樂園地址：新北市板橋區縣民大道二段3號B1(麗寶百貨廣場B1)電話：022272-2711營業時間：週一至週日10:00-22:00(體能動畫館清潔時段13:30-14:00,17:30-18:00,21:30)消費資訊：兒童399元(會員360元)家長150元(會員100元)平日不限時,假日3小時POPA官網： http://www.popa.com.tw/ FB：https://www.facebook.com/popafamily 喜歡這篇文章請幫我按讚+推，也歡迎加入粉絲團Dannis &amp; Amy - 魯蛋妹&amp;大腸弟吃喝玩樂過生活也可以宣傳你的粉絲專頁有任何新文章、贈獎都會公佈在粉絲團喔！ ----------------------------------------------Dannis&amp;Amy&rsquo;s BLOGhttp://dannisamy.pixnet.net/bloghttp://blog.fashionguide.com.tw/3619-dannisamyhttp://mypaper.pchome.com.tw/amydannis用心分享的文章麻煩大家按&ldquo;讚&rdquo;&ldquo;推&rdquo;和留言喔！Date:2014/8/30以上純屬個人之心得分享，純為個人感受，絕非誇大不實，也無廣告推銷之意。
台中。親子餐廳｜【聖彼得堡主題餐廳】大人小孩都喜愛的桌遊天地,64528,0,61,http://kuku0510.pixnet.net/blog/post/75803130-%e5%8f%b0%e4%b8%ad%e3%80%82%e8%a6%aa%e5%ad%90%e9%a4%90%e5%bb%b3%ef%bd%9c%e3%80%90%e8%81%96%e5%bd%bc%e5%be%97%e5%a0%a1%e4%b8%bb%e9%a1%8c%e9%a4%90%e5%bb%b3%e3%80%91%e5%a4%a7%e4%ba%ba,小企鵝最近真的是過太爽了，每個禮拜都跑一間親子餐廳~這週來到了中科附近的聖彼得堡主題餐廳!!其實聖彼得堡一開始是桌遊主題餐廳~但因為在地下室設有will及遊戲區所以在網路上也被歸納為親子餐廳 ;;進來看看這間聖彼得堡主題餐廳有甚麼特別的ㄅ~其實企鵝麻還沒去過桌遊主題餐廳呢一起跟著小企鵝來去瞧瞧ㄅ^^ ;進門就看到門口有個手球桌~不過中間有個天井就怪怪的XD~可能是為了地下式的採光ㄅ 但整體的內裝還蠻有古代城堡的FU~;;我們的坐位在地下室~要下樓之前可以看到牆上有許多的遊戲及模型用木板來當置物架還蠻有設計感的~簡單又呈現出設計感!!;;地下室空間還蠻寬敞的~只是空氣不怎麼新鮮!!這也是地下室的通病ㄅ~人好多阿~~都是大人帶小孩一起來的唷!;;;先來看看菜單ㄅ~~價格還算親民~主餐在160~260之間少不了有兒童餐~看來小孩愛的都一樣~少不了薯條、雞塊等炸物;   ; 點完餐要上一樓先結帳~櫃檯旁也放了一堆桌遊及玩具可以壓證件租借當然~也有新的可以買回家唷~企鵝麻借了釣魚的玩具給小企鵝~小企鵝玩的不亦樂乎呢!!;;趁這時候趕緊看一下環境~這麼大間的主題餐廳還真少見企鵝麻還蠻喜歡他們家的裝潢的!!寬敞~採光也好~不會有壅擠的感覺一樓只有一間小小的包廂~主要是櫃檯跟廚房及大廳也因為這樣的設計擺設反而讓人覺得整潔 ;;上到二樓空間上的設計更讓人放鬆了~不愧是桌遊主題餐廳~一整個就是舒服的坐位阿為什麼我們沒有坐樓上呢~~當然是因為小朋友的遊戲區都在地下室阿所以有帶小孩的座位都往地下室安排~二樓可能都留給沒有小孩的客人ㄅ ;; ;;;;;    ;此外~二樓也擺放了許多桌遊的遊戲~企鵝麻看了都好想玩呢!! ; 趕緊把借來的玩具帶下樓給小企鵝玩吧!!小企鵝第一次玩釣魚~熟能生巧的他沒多久就學會釣魚囉!! ;; 此外~地下室也擺滿的漫畫~~這樣的主題餐廳讓人怎麼捨得走的出去阿!! ; 法式松露嫩雞焗飯200元~味到蠻淡的~若要給小朋友吃的話是不錯的選擇~起司雖然熱量高但也挺營養的呢加60元成A套餐~有餐包跟飲料~還是爆漿的唷!!加80元成B套餐~有沙拉跟濃湯、飲料 高鈣起司鍋220元~湯頭挺不錯的~份量也算多;;;; 和風照燒雞腿飯200元~味道還OK~肉質很嫩~本身味道偏淡~要配上照燒醬味道才會被帶出來小孩最愛的雞塊薯條~其實企鵝麻也很愛拉XD藍帶起司豬排咖哩飯220元~炸得酥酥脆脆的~切開真會有起司流出來唷~柳橙汁、紅茶、綠茶 阿薩姆紅茶拿鐵~挺大一杯的 甜點與烤布蕾; 我們點了六個餐點~所以花了1220!!還算親民的價格~地下室有一塊小遊戲區~挺多小朋友在這玩到不想走呢裡面有許多小玩意~有玩具、翹翹板、溜滑梯、跳跳馬，還有益智玩具;也有童書區呢~小企鵝不太敢玩翹翹板XD~但是溜滑梯倒是玩到小阿姨都想把他抓走了;;旁邊還有個小圓桌~可以讓小朋友看書或者玩積木餐廳連積木都準備好讓小朋友來探索囉!! 還有一區一定是很多小朋友的最愛~那就是wii拉wii的遊戲區就在天井下方~一個寬敞的空間可以讓小朋友玩得盡興椅子還設計成可愛的小火車呢!! ; ;; 餐廳利用樓梯下方的空間做成一個粉紅色的扮家家酒區~連小企鵝都抵擋不了扮家家酒的魅力~只是小企鵝怎麼玩得那麼委屈的表情阿@@"; 應該是沒有小男生的扮家家酒ㄅ!!!; 聖彼得堡的環境還算不錯~有足夠的空間讓小朋友們活動且有許多的桌遊、漫畫及wii可以任君選擇~比較適合較大的小朋友來較小的小朋友因為不會玩桌遊~就只能在遊戲區中遊玩不過遊戲區的環境就沒有維護得很好~巧拼看起來有點小髒哩餐點方面價格跟其他的親子餐廳比較來挺親民的不知道是不是因為要給小朋友吃~所以口味都比較偏淡但二樓的環境就挺優的~~整體來說聖彼得堡主題餐廳非常適合全家大小一起玩桌遊不但可以享受美食還可以促進親子間的感情唷!!;～聖彼得堡遊戲主題餐廳～ 店家住址:台中市西屯區永福路118巷35號聯絡電話： 04-24634696營業時間：上午１１點～晚上１１點 (星期二公休)價位：套餐160~260元，兒童餐160元(設有低消)停車場：無無線網路：Y;地圖檢視較大的地圖;;;若喜歡小企鵝生活趣的文章，可以動動手幫忙按個讚或分享唷~加入小企鵝生活趣粉絲團，親子/美食/旅遊文章隨時掌唷!!;小企鵝生活趣一起來去吃喝玩樂吧~;;延伸閱讀;;;台中。親子餐廳｜【聖彼得堡主題餐廳】大人小孩都喜愛的桌遊天地;;;台中。親子餐廳｜【棒恰恰親子歡樂餐廳】遊樂場與美式餐廳的完美結合;;;台中。親子餐廳｜【ㄨ子（叉子）】輕井澤最新鉅作的輕食餐廳;;;台中。親子餐廳｜【稞枓咖啡廚房】鬧中取寧靜的優質咖啡廳附設遊戲室及白沙坑;;;台中。親子餐廳|【Living House】生活空間餐廳 水泥牆內的一小塊綠色天地~;;;台中。親子餐廳｜【耕讀園】餵魚聊天的聚會好場所;;;;台中。親子餐廳｜【元也cafe&amp;meal】有小沙坑可以遛小孩的咖啡廳;;;台中。親子餐廳｜【藝園堂-南屯店】富有濃濃中式風格又有溜滑梯的人文茶館;;;台中。親子餐廳｜【森林旁邊】森林旁的小小幸福角落~;;;台中。親子餐廳｜【梨子咖啡館(中科店)】大人優閒用餐小孩玩得愉快的白沙坑天堂;;;台中‧烏日。親子餐廳｜【紙箱王】在台中高鐵站裡看火車囉!!!;;;台中‧潭子。親子餐廳｜【好煮義親子餐廳】平價好吃的料理又能讓小孩玩上半天;台中‧沙鹿。親子餐廳｜【日日是好日】富有古早味的土角厝親子餐廳;;台中‧龍井。親子餐廳｜【饗樂趣 複合式餐飲】適合包場辦趴及聚會的親子餐廳;;;台中‧豐原。親子餐廳｜【樂。生活 食尚自然料理】享受樂生活的親子時光;;;台中‧霧峰。親子餐廳｜【私房 Garden】在幼稚園裡用餐及玩耍的樂趣
❀台中▼親子餐廳❀城堡樂園~裡面有旋轉木馬的親子餐廳,7584,1,52,http://ayumi310.pixnet.net/blog/post/218172334, ;這間在科博館附近，也算小有名氣的一間。 ;一進去，小孩的眼光馬上被旋轉木馬給吸引住了 ;。 ;喆喆當然也是衝上去。 ;這裡其實可以不用帶嬰兒車來，因為也要收起來，放在很旁邊的角落。 ; ;1樓是用餐的地方，小孩的遊戲室在2樓。 ;1樓走文青路線。 ;小孩的餐點。 ;消費介紹:這裡的消費方式是大人100(可抵消費50)~小孩250(有一盤點心不抵消費) ;所以基本上，一個大人帶一個小孩來玩，不點餐點只點飲料的話，消費金額大概要5百元那裡。 ; ; ;喆喆就一直很認真吃，完全不理我 ;。 ;麻麻只好自己自拍了 ;。由於這裡進來好像只能玩2個小時，所以當然要把握機會，快帶喆喆上2樓去玩 ;。 ; ; ; ;樓上分幾個小房間，其實規劃的還滿明顯的，球池區~就還有踢足球的小場地。 ;小女生最愛的辦家家酒區~也有角色扮演。 ;學習照顧小嬰兒。 ;森林小熊的家。 ;這組辦家家酒，真的是喆喆的最愛耶 ;。 ;超齊全的。 ;於是喆喆開始扮起了老闆來了。;;想去偷看他做什麼還不行。 ; ;現在的假錢做的還滿真的 ;。;;另一區都是益智遊戲區。但記得玩完都要放回去架上喔。 ; ; ;喆喆就開著車到處去想要去那間玩 ;。 ;廁所有小小孩的階梯，可以自己站上去洗手 ;。 ;還有服裝表演區。 ;我覺得它們最貼心的是，怕有的小孩太小還不會走，所以有特別的一區是給小嬰兒的 ;。 ;2樓是有用安全小門鎖起來的。 ;2個小時，其實還滿快的。喆喆都拾不得走，最後一直吵著要自己在椅子上穿鞋子。雖然他根本不會穿 ;。;    ;這裡的環境還滿乾淨的，整體也滿舒適，小孩也玩的很開心。;;台中城堡樂園親子餐廳地址:台中市北區館前路22號電話:(04)2329-3756營業時間:10:00-21:00(週一公休) ;;Q毛麻麻的喆言喆語快來找Q毛麻麻丸 ;;;
《小孩趴趴走》Artr北美館親子餐廳,115,0,9,http://yumamashop.pixnet.net/blog/post/168652419-%e3%80%8a%e5%b0%8f%e5%ad%a9%e8%b6%b4%e8%b6%b4%e8%b5%b0%e3%80%8bartr%e5%8c%97%e7%be%8e%e9%a4%a8%e8%a6%aa%e5%ad%90%e9%a4%90%e5%bb%b3,北美館裡有個很好玩的親子餐廳，帶著三仙往Artr親子餐廳去嚕!!!因為去的時候剛好是星期五，我們12點到，餐廳外已經有不少人在候補了!!!建議要去玩的媽咪，先預約會比較好喔!!!;;餐廳空間還算大，把遊戲區與用餐區隔開，可以讓小孩盡情玩樂，;服務人員帶我們就位後，三仙就迫不及待地跑去玩了!!這裡有低消的限制，我點了義大利麵、三仙點了兒童餐，這樣大概就600元左右。是不太便宜！但...親子餐廳的價位普遍都是這樣!!!;;這裡採部分自助式，水、餐具要自取!! ;;;遊戲區分好幾個不同的遊戲，這一區是大型的積木區，還有一個鱷魚造型的小蹺蹺板， ;積木區旁邊有一片很大的塗鴉牆，讓孩子在這盡情地畫圖、玩耍!! ;這區有個小小的木頭軌道，上面有台小車車，小朋友可以坐在車子上，順著軌道滑下來!!!我覺得這像是小型的雲霄飛車!!!(小孩超愛的...);;另外一區，比較適合年紀再小一點的小朋友，有小一點的積木池；還有小孩愛玩的小型軌道火車!!!女兒再積木區玩完後，在軌道小火車這裡玩超久的~~;;如果，小朋友不想玩遊戲，這裡也規劃一區讀書區，有提供部分的繪本。(這本書也太大本了~) ;;這裡的餐還算可以，當天點兒童餐，會送一張拍立得相片，整體服務還算不錯!!!平日消費是不限時間的，如果是假日會限制用餐時間2個小時，三仙玩到不想回家了!!!她覺得這裡好好玩喔!!!還跟我約定下次還要再來呢!!;建議要去的媽咪，可以規劃一下時間及參觀去親子餐廳前，可以去同一層的兒藝中心參觀一下；還有一間藝術書店，我覺得還不錯!!!幫三仙買了一些書及DVD；逛完書店後，我們去樓上的其他展場參觀，算是一趟豐富的藝術之旅!!!!;;;;;;;;
*【台北親子餐廳】Artr北美館親子餐廳,17577,4,54,http://harrytian.pixnet.net/blog/post/43001998, ;Artr北美館親子餐廳位於台北市立美術館的地下樓層似乎是最近很夯的藝術親子餐廳所以啾寶馬麻趕快帶著啾寶來朝聖一下但是一開始就遇到難關，這邊的停車場在假日的時候大排長龍，後來才知道原來是免費停車場美術館的人潮本來就不少，所以我們在用餐時間才到，只能等了，最後啾寶馬麻帶著啾寶先下車去親子餐廳報到，丟包啾寶把拔自己去排車位(XD)但第二個關卡來了，一進去跟服務生說明預約的時間跟電話號碼，結果服務生一開始把我們搞錯成另一位客人，後來又來說查不到我們的定位.....blabla的說實話，啾寶馬麻真的沒有想到會遇到這種事情，後來他們幫我們換到其他的位置後，服務生還是一臉很不相信我們有定位的意思我只好拿出手機給他看行事曆，我記載的預約時段紀錄，跟他說明，我訂的時間是你們接電話服務生告訴我只有這個時段可以定位的....我給了服務生我的手機號碼跟姓氏，請他們去查一查，是不是他們自己登記錯了時段，後來服務生一去就不復返了，雖然後來我們還是順利入座但啾寶馬麻實在蠻不開心這家親子餐廳的服務態度，後來也沒人來跟我解釋，到底是什麼原因跟處理結果?????但啾寶馬麻在啾寶在的時候通常不太生氣，所以我還是繼續拍拍照帶著啾寶去看看有什麼好玩的。戶外半露天的活動場 ;水彩塗鴉牆 ; ;親子塗鴉課程 這個好像要先報名，啾寶馬麻不知道還以為可以馬上報名，馬上玩..... ;會給小朋友穿上繪畫衣，其他地方弄髒了，旁邊有水洗，洗一洗就好 ; ;服務生送上的菜單，告訴我們這邊採自助式，自己點完拿去櫃台結帳，餐具也採自助式。 ;第三關：因為啾寶阿公吃素，我問了服務生，服務生跟我說這邊沒有素食很好，點完餐，我去櫃台結帳的時候，問了結帳小姐，小姐跟我說"番茄鮮蔬螺旋麵是素食的"那剛剛那位服務生是怎麼回事;是怎麼回事;是怎麼回事????第四關：在等餐的時候啾寶馬麻非常納悶一件事每一個桌上(不管有人坐或是沒人入座)都有一個玻璃水壺，但偏偏我們這桌就是沒有啾寶馬麻在位置上叫服務生，招手服務生沒看到，出聲叫他他沒聽到(可能是環境太吵)，後來我起身去追逐很忙(但我實看在不懂到底在忙什麼的服務生)問他請問開水要在哪裡拿，服務生告訴我在餐具的旁邊的玻璃水瓶是需要自取的。真的很好!!!!那到底為什麼連沒人坐的空桌都放好了水瓶，我這桌就沒放; ; ;;自取食器區  ;這家餐廳很特別的是有用到玉米食器   ;好了，這篇其實真的不是要抱怨這家親子餐廳但事實的部分還是要描述一下，因為去過這麼多親子餐廳，沒有遇到過這種事情，真的令我們太驚訝了!!!!餐點的部分來的不會很慢，大約不到30分鐘就上菜了套餐的湯(玉米湯，吃的到玉米顆粒)跟沙拉口味很清爽，適合小朋友吃 ;被服務生說是沒有素食，但是貨真價實沒有肉的番茄時蔬螺旋麵!!!!!;;;;;;;;牛肉貝果(口味依樣很很很 健康 清淡) 但沒什麼美味度感覺就是把食材都擺在一起組合而成但沒有什麼特別的調味早午餐有附果汁還可以在選茶或美式咖啡 ;;綜合起司三明治，我以為是會有什麼肉類加起司的綜合三明治結果他真的是番茄，二種起司、酸黃瓜.... 肉呢???????阿這不就也是素食!!!!! ;是素食!!!!! ;是素食!!!!!;還記得在點餐的時候服務生說什麼嗎？ ;服務生：我們沒有素食;我們沒有素食;我們沒有素食 ;但即使是這樣餐點也不便宜，螺旋麵400 ;三明治330 貝果 350啾寶馬麻覺得要在台北市賣這個價錢，服務生的專業真的應該要好好訓練一下。餐點的美味度也有很大大大大大大大大大的改善空間;提供ikea餐椅 一樣要自己搬 ;喔 ~~~要誇一下這家親子餐廳，有提供食物剪，方便忘了帶剪刀的爸媽喔 很貼心的服務 ;啾寶吃得很開心~~~~所以啾寶馬麻當下的情緒很快也被轉移了!!    ;;接下來吃飽喝足就要去遊樂區探險囉店家有提供濕紙巾很貼心，所以吃完不方便走太遠去廁所洗手的話可以先用溼紙巾擦擦手 ;特色:決明子沙堆 不會黏在衣服上，拍一拍就乾淨了(這點給個讚)但沙堆很淺，會建議可以提升一些高度，可以增加趣味  ;     ;彩繪玻璃牆 ; ;4o元一隻，或是點兒童餐打卡有送 ;鑽鑽小隧道 ;小型溜滑梯 ; ;;大型樂高區大家都在比賽誰疊比較高~~~ ; ;;戶外還有一台腳動小汽車;       ;;結帳櫃檯 用餐時間兩小時，我們很準時的自己走了~~但別桌比我們早到還沒走所以可能後面沒客人所以店家也沒趕人對了，最後我們發現有些桌還是沒有坐人(從我們一開始到離場)桌上的水真的不知道是擺給誰喝的???訂位方面的服務確認有待加強(啾寶馬麻還是要強調這點，這真的是餐廳要經營持久的大忌) ;啾寶:好多櫃子喔(北美館的置物櫃)  ;後來我們還去爭豔館看了樂高展!!!(但人太多，商業性質較多，所以逛一下就離場了) ;;綜合評價 ;(滿分是)1.;交通便利2.環境整潔3.服務態度--------可以打0分嗎????4.親子友善5.再訪機率;;Artr北美館親子餐廳粉絲專頁：www.facebook.com/artrc地址：臺北市中山北路三段181號B2(台北市立美術館B2)電話：(02)25957989*營業時間：周一 不營業週二~週五: 10:30 &ndash; 17:00週六: 9:30 &ndash; 20:00週日: 10:30 &ndash; 17:00;假日用餐時間2小時有無線網路停車場：北美館停車場(免費)捷運：台北捷運圓山站;啾寶:其實發生什麼，我都不知道!!!我還是玩得很開心喔!!! ;;台北親子餐廳系列;*【台北】桃麗絲的家溫馨親子餐廳(啾寶1y6m);*【台北】簡單聚餐的好地方:米拉親子生活館(啾寶1y5m);*【板橋】艾瑪親子多元智能生活館-親子餐廳(啾寶1y1m);【台北】Galileo伽利略親子餐廳-啾寶的第一次親子餐廳寶寶聯誼會7m;【台北】wawau2親子餐廳 1y1m;;;
幸福的母女裝&親子裝Ⅰ～Ralph Lauren Polo衫,1079,8,20,http://smilezi.pixnet.net/blog/post/100309913,每次出遊看到穿著全家服或親子裝的家庭真的覺得洋溢幸福 令人眼睛忍不住多駐留一會所以娃娃出生後 俏媽咪也尋覓許多親子裝終於～這款 Ralph Lauren的大馬 獲得我青睞短袖的Polo衫 男女都很適合穿成為我們家的第一套的親子裝唷～(可惜Pinky少爺不能訂做呀)娃娃挑選小童的尺碼1~2歲不過因為娃娃很袖珍 要等明年才能穿而俏媽咪提供一個挑選的秘訣其實我們東方人個子嬌小的媽咪可以挑選小童尺碼10歲或12歲 即可像這款 我的身材比例試穿12碼竟然還有點寬鬆反而是10碼 穿起來合適有腰身;本來不喜歡Polo衫的我 穿上這款身材玲瓏有致下半身搭配各牛仔蛋糕短裙 真得很青春俏麗呢很喜歡這個鮮豔亮眼的紅色 男女都適合耶因為是親子裝 所以得考慮到不能太粉嫩的色系否則摸咪一個大男人 穿起來應會渾身不舒服吧而紅色則跟春夏清爽明亮的氣氛非常呼應～紅色搭配白色的大馬Logo圖騰必備的左胸前上織一個醒目的馬球標誌一名騎在馬上 高舉馬球球杆 準備揮球的馬球運動者Logo大小會隨這尺碼而調整唷～左袖上有白色3號數字的臂章多了這個設計 真的增添質感耶～接著是俏媽咪和娃娃的母女裝Ralph Lauren 這幾款都是粉粉嫩嫩的～Ralph Lauren 今年春夏的小馬粉紫寬條紋蕾絲蛋糕裙襬洋裝令我尖叫的母女裝 而且款式一模一樣俏媽咪想等著明年春天跟娃去拍沙龍照穿的～左邊是女童尺碼 右邊是女寶寶尺寸兩件差在領子和袖口的設計稍有不同～右邊的女寶寶款是比較可愛的荷葉領和公主袖女寶寶款還有附一件同花色的小褲褲唷是非常粉嫩的粉紫與白色的寬條紋~超級可愛的荷葉領和抓泡泡的公主袖讓原本比較休閒的款式 也注入了活潑甜美氣息左胸前有個小馬的Logo 更增添質感～下擺的白色細版蛋糕裙;總共有四層 好浪漫～而大小女童款;;是Ralph Lauren春夏的海報商品唷這款小女童穿起來也不失活潑俏麗氣息還有粉藍條紋款 但俏媽咪還是比較喜歡粉嫩的紫白色在這邊 俏媽咪教大家一個選購母女裝的秘訣像我們東方比較嬌小的媽咪可以直接找大女童款大女童尺碼從S~XL 大約從7~16T基本上L約為外國女孩13~14歲 XL約是15~16歲只要是像俏媽咪這種嬌小的哈比身材 就像西方國中生的身材纖細點 而且喜歡穿短一點的 就挑選L號如果圓潤點 或不敢穿太短的就選XL號像這款 俏媽咪也是比對尺寸很久 很擔心買錯尺碼還好 我最後挑了L號 穿起來好合身 長度又剛好Ralph Lauren 小馬粉紅彩色拼布小洋裝是去年款 俏媽咪看到有人轉賣全新價格又便宜合理 就手滑搶下來了這款是9M的 比起上件 較為mini～整體以粉嫩色系為底色還有鵝黃 天藍 蘋果綠 純白等拼貼袖子也是抓可愛的泡泡公主袖左胸前的小馬標誌好可愛～一貫的附上小褲褲 非常貼心～小麻豆娃娃實穿照～攝於afternoon tea簡單的設計 一穿上身覺得變成氣質小娃兒白白嫩嫩肉肉的小淑女～同場加映～H&M白色有領Polo小洋裝休閒 簡約 又好有質感唷是摸咪朋友贈送 款是很類似Ralph Lauren吧整件純白簡單 公主袖與胸線下小抓皺但H&M的尺碼似乎偏大這款12M 娃娃穿起來還是好寬長唷～這件內裡是屬於包屁式設計所以小褲褲是跟洋裝連在一起的～接下來還有俏媽咪和小娃兒的第二波母女裝唷雖然不是同品牌 但經過俏媽咪的巧心搭配下大家都會直呼～哇 母女裝耶 下篇再見囉^^延伸閱讀1：[0M23D]小公主的衣櫥～金 安德森http://www.wretch.cc/blog/smilezi/33171531延伸閱讀2：[26w2d]小公主娃娃的衣櫥～學院風格紋小蛋糕洋裝http://www.wretch.cc/blog/smilezi/33081278
[11M．屏東親子餐廳]♥ 提姆胖胖Tim Pang Pang♥  平價美味，環境夢幻。,13605,4,36,http://anity0404.pixnet.net/blog/post/186252489, ;小桃家的2014墾丁二日遊，第一站停靠在位於屏東市區的提姆胖胖，提姆胖胖在今年四月開幕，最吸引我的就是附設兒童遊戲區，網友們也滿推薦他們家的餐點，因此我毫不猶豫的訂位了。提姆胖胖Tim Pang Pang位於屏教大附近，身處巷弄內的三角窗店面，鮮豔招牌非常吸睛，可惜附近停車位並不好找，我們大概找了十分鐘才找到停車位。營業時間還滿早的，從早上七點到下午四點，就連假日也能訂位，店內的牆面是米白色X粉紅色系的夢幻顏色，充滿甜美公主風， ;燈具是走華麗風格，入口處有方便客人等候的牛皮椅，餐廳內洋溢著輕鬆自在的氛圍。;;;店內空間屬於狹長型，後方還有大片空間擺放桌椅，不過我們去的時候已經客滿，所以我們就沒有過去拍照了。雜誌區擺放各式各樣的雜誌，自助區，提供小朋友的兒童餐具，調味料也可以自行取用。;;;;洗手間用珠簾巧妙的維護隱私，洗手台偏矮，小朋友也可以來這裡洗手，洗手台的旁邊就是尿布台，馬桶則是子母式馬桶，一般親子餐廳該有的硬體設備，這裡都準備齊全。我在出發前有仔細看過菜單，然而，實際看菜單，還是覺得這裡的餐點好便宜！點了私房燒肉特製拼盤、提姆兒童餐（奶油燻雞義大利麵），再加點一份天婦羅，這樣竟然才300元！桌子邊邊角角都有貼防撞條，雖然店內有提供木製兒童椅，但我們擔心小桃會自己站起來，所以還是自己攜帶summer infant餐椅。這個時期的小桃很喜歡玩打開蓋子、抽取物品的遊戲，之後再分享自製玩具的文章。天婦羅，其實就是甜不辣，炸得外酥內軟，鹹中帶甜的香味，沾一點黃芥末或番茄醬都很棒。私房燒肉特製拼盤這陣子吃過最便宜的早餐拼盤就是這間了，本來在台南BOA吃特製拼盤，以為已經算滿便宜，沒想到這裡的拼盤更便宜，種類多樣化，還附上中杯飲料，這樣才95元而已。; 新鮮水果看起來色彩繽紛，營養美味都兼顧了，;私房燒肉，調味鹹中帶甜，包生菜一起食用還滿美味的。帶皮薯條，品嘗外酥內綿密的口感，附上開胃的蒜味凱薩白醬，讓我們忍不住一口接一口，另外還有兩片現炸洋芋片也很好吃。我們點了一份奶油燻雞義大利麵，這份是兒童餐，除了有義大利麵、炸物和水果之外，還附上一杯飲料，這樣也只要95元，怎麼這麼便宜啊！！ ;奶油燻雞義大利麵調味香濃，麵條是使用螺旋麵，整體而言算是很美味的。老公很後悔多點一份天婦羅，因為份量很多，我們根本吃不完，因此若兩人前來，花費大約在兩百元以內。我們的座位就在兒童遊戲區旁邊，小桃看見其他小朋友，很興奮的整個身體都靠向左方。吃飽喝足，帶小桃前往兒童遊戲區，這裡有RODY跳跳馬，小桃坐在跳跳馬上方，很開心～這裡還有小朋友們最愛的溜滑梯。我和小桃爸還在吃飯的時候，看見有個大朋友對不認識的小朋友說：欸，你站這裡（指著滑梯）瞬間就朝著那個小朋友的方向溜下去！小朋友在玩的時候，建議大人還是在旁邊顧著，避免小朋友受傷呀...這邊還有家家酒等大型玩具，;以及小積木、玩具車等等，;;小積木太多的結果，就是會變成這種凌亂不堪的場景，我們前來提姆胖胖的時候，這裡的兒童遊戲區就已經呈現爆炸狀態，根本沒有地方可以讓小桃爬行，許多玩具看起來本來是一組的，但是整個炸開之後，我也不知怎麼幫他們收拾了...店家可能因為很忙，所以也沒時間整理，未來若有打算要開親子餐廳的網友們，可參考這些親子餐廳的前車之鑑。;;;不過，撇除炸開的兒童遊戲區之外，這裡的餐點美味、平價且服務態度良好，該有的硬體設施樣樣都有。當天雖然有很多寶寶，卻不會顯得特別吵鬧，整體而言是很不錯的親子餐廳，以上食記與大家分享～;---------------------------------------------------店名：提姆胖胖Tim Pang Pang早午餐&amp;輕食地址：屏東市公園東路72號電話：08-722-1588營業時間：7:00~16:00---------------------------------------------------;;如果這篇文章對你而言是實用的， ;給小桃媽一個推文或按讚吧，;你的鼓勵，是小桃媽繼續分享文章的原動力，謝謝大家~;
